{"mean":{"confidence_interval":{"confidence_level":0.95,"lower_bound":-0.25925679166525917,"upper_bound":-0.12963868012475613},"point_estimate":-0.1975136265577666,"standard_error":0.03307123694376517},"median":{"confidence_interval":{"confidence_level":0.95,"lower_bound":-0.3116004202690431,"upper_bound":-0.12030224710073123},"point_estimate":-0.2031944107168061,"standard_error":0.048667607823614394}}