{"mean":{"confidence_interval":{"confidence_level":0.95,"lower_bound":0.03517594803316773,"upper_bound":0.22186884707233404},"point_estimate":0.12053013340075025,"standard_error":0.04728647152372289},"median":{"confidence_interval":{"confidence_level":0.95,"lower_bound":-0.05026412858976392,"upper_bound":0.36977333691251846},"point_estimate":0.19287396266038326,"standard_error":0.10690411646936272}}