{"mean":{"confidence_interval":{"confidence_level":0.95,"lower_bound":0.008079899984732282,"upper_bound":0.2000992931944785},"point_estimate":0.09858021524009875,"standard_error":0.04893175885200691},"median":{"confidence_interval":{"confidence_level":0.95,"lower_bound":-0.05751908439234643,"upper_bound":0.41006618180307},"point_estimate":0.08865031175946281,"standard_error":0.1346094093271129}}