{"mean":{"confidence_interval":{"confidence_level":0.95,"lower_bound":0.0011384709875007521,"upper_bound":0.01049462634407966},"point_estimate":0.005701678483325701,"standard_error":0.0023953436410401783},"median":{"confidence_interval":{"confidence_level":0.95,"lower_bound":0.004133973539629743,"upper_bound":0.005458357449978912},"point_estimate":0.004996826662741816,"standard_error":0.00037264281344251697}}