{"mean":{"confidence_interval":{"confidence_level":0.95,"lower_bound":-0.061846673269217334,"upper_bound":-0.05080824782163473},"point_estimate":-0.05725618801902066,"standard_error":0.002835994371922041},"median":{"confidence_interval":{"confidence_level":0.95,"lower_bound":-0.06077730107855835,"upper_bound":-0.0594148832780943},"point_estimate":-0.05992417683516371,"standard_error":0.0003626146682763071}}