{"mean":{"confidence_interval":{"confidence_level":0.95,"lower_bound":0.018297115379978735,"upper_bound":0.025695354592737436},"point_estimate":0.022174710734187197,"standard_error":0.001876103065187241},"median":{"confidence_interval":{"confidence_level":0.95,"lower_bound":0.01986431163896194,"upper_bound":0.02135074941583537},"point_estimate":0.020665021258780447,"standard_error":0.00037217886826962387}}