{"mean":{"confidence_interval":{"confidence_level":0.95,"lower_bound":0.10744302560621857,"upper_bound":0.12326011552318554},"point_estimate":0.1140933631263985,"standard_error":0.003994295499065334},"median":{"confidence_interval":{"confidence_level":0.95,"lower_bound":0.10979398290867226,"upper_bound":0.11184739270692523},"point_estimate":0.11056198209748191,"standard_error":0.0005176902281142468}}