{"mean":{"confidence_interval":{"confidence_level":0.95,"lower_bound":-0.04151694634482424,"upper_bound":-0.033970991787572034},"point_estimate":-0.03776123504693196,"standard_error":0.0018975353114388937},"median":{"confidence_interval":{"confidence_level":0.95,"lower_bound":-0.03761923867441963,"upper_bound":-0.03615345448741647},"point_estimate":-0.03664446300063795,"standard_error":0.0003713351345265311}}