{"mean":{"confidence_interval":{"confidence_level":0.95,"lower_bound":-0.010256577912025996,"upper_bound":0.0034782470943703903},"point_estimate":-0.005132468504404297,"standard_error":0.003449209412437684},"median":{"confidence_interval":{"confidence_level":0.95,"lower_bound":-0.009338571990275504,"upper_bound":-0.008144016575000412},"point_estimate":-0.008568858437519311,"standard_error":0.00030661502230478204}}