{"mean":{"confidence_interval":{"confidence_level":0.95,"lower_bound":0.056890722232914505,"upper_bound":0.06921390775824997},"point_estimate":0.06327965472647357,"standard_error":0.003127670814296307},"median":{"confidence_interval":{"confidence_level":0.95,"lower_bound":0.06523403457051757,"upper_bound":0.06691645221361187},"point_estimate":0.06580303918256103,"standard_error":0.0004405877828134512}}