{"mean":{"confidence_interval":{"confidence_level":0.95,"lower_bound":3452044.212283332,"upper_bound":3475710.728666667},"point_estimate":3462573.094666668,"standard_error":6103.556750901363},"median":{"confidence_interval":{"confidence_level":0.95,"lower_bound":3445622.2666666666,"upper_bound":3449097.8333333335},"point_estimate":3446650.1333333333,"standard_error":1063.5599725464854},"median_abs_dev":{"confidence_interval":{"confidence_level":0.95,"lower_bound":4149.747906327431,"upper_bound":7140.547413230034},"point_estimate":4930.089692473135,"standard_error":745.2494920344736},"slope":null,"std_dev":{"confidence_interval":{"confidence_level":0.95,"lower_bound":25037.006356574868,"upper_bound":88592.99196575186},"point_estimate":61434.97731512348,"standard_error":16093.319691181236}}