{"mean":{"confidence_interval":{"confidence_level":0.95,"lower_bound":-0.013427162457928517,"upper_bound":0.014480488565907947},"point_estimate":0.0019963394653037536,"standard_error":0.007126466788612956},"median":{"confidence_interval":{"confidence_level":0.95,"lower_bound":-0.0001658306059941772,"upper_bound":0.008321710057018317},"point_estimate":0.003751206044972033,"standard_error":0.0021247049021407586}}