{"mean":{"confidence_interval":{"confidence_level":0.95,"lower_bound":-0.0058193391405720295,"upper_bound":0.019405627843588832},"point_estimate":0.005361595270196862,"standard_error":0.006436319577008619},"median":{"confidence_interval":{"confidence_level":0.95,"lower_bound":-0.0010861889921401913,"upper_bound":0.005927842021681062},"point_estimate":0.002988361458794664,"standard_error":0.0017468876369789784}}