{"mean":{"confidence_interval":{"confidence_level":0.95,"lower_bound":-0.028638012158487703,"upper_bound":-0.02025209555622213},"point_estimate":-0.024434509795776882,"standard_error":0.002129821061527623},"median":{"confidence_interval":{"confidence_level":0.95,"lower_bound":-0.02488532645345909,"upper_bound":-0.021245933602414002},"point_estimate":-0.022861738107190055,"standard_error":0.0009085115855509957}}