{"mean":{"confidence_interval":{"confidence_level":0.95,"lower_bound":0.0037188240985854223,"upper_bound":0.01429584320634551},"point_estimate":0.009061123064066257,"standard_error":0.0027007641089497846},"median":{"confidence_interval":{"confidence_level":0.95,"lower_bound":0.009157900680613063,"upper_bound":0.014033072237620292},"point_estimate":0.01172528289159347,"standard_error":0.001272365920301305}}