{"mean":{"confidence_interval":{"confidence_level":0.95,"lower_bound":0.0030719598689605,"upper_bound":0.01490477511524798},"point_estimate":0.00889715471559982,"standard_error":0.0030458228552140507},"median":{"confidence_interval":{"confidence_level":0.95,"lower_bound":0.008219772704087358,"upper_bound":0.011820360873448807},"point_estimate":0.009548132003256438,"standard_error":0.0008866307863544528}}