{"mean":{"confidence_interval":{"confidence_level":0.95,"lower_bound":11060026.696349997,"upper_bound":11125286.337999998},"point_estimate":11087458.353999997,"standard_error":17171.05384907077},"median":{"confidence_interval":{"confidence_level":0.95,"lower_bound":11053027.8,"upper_bound":11064113.6},"point_estimate":11058033.5,"standard_error":2931.309346150921},"median_abs_dev":{"confidence_interval":{"confidence_level":0.95,"lower_bound":18140.055457949362,"upper_bound":32002.95825183557},"point_estimate":25946.982139348984,"standard_error":3566.183460276862},"slope":null,"std_dev":{"confidence_interval":{"confidence_level":0.95,"lower_bound":32950.136610791764,"upper_bound":264858.2563105804},"point_estimate":172045.43099883015,"standard_error":62879.98101582922}}