{"mean":{"confidence_interval":{"confidence_level":0.95,"lower_bound":10077734.412250001,"upper_bound":10129084.403999997},"point_estimate":10097361.957999999,"standard_error":13609.15261399304},"median":{"confidence_interval":{"confidence_level":0.95,"lower_bound":10072961.8,"upper_bound":10080883.8},"point_estimate":10077040.399999999,"standard_error":1833.2161715014502},"median_abs_dev":{"confidence_interval":{"confidence_level":0.95,"lower_bound":12414.09498010473,"upper_bound":20871.44938945715},"point_estimate":16147.292833328524,"standard_error":2138.0811680570946},"slope":null,"std_dev":{"confidence_interval":{"confidence_level":0.95,"lower_bound":20848.885594723903,"upper_bound":227370.9159727544},"point_estimate":137134.7043844318,"standard_error":62732.17942772009}}