{"mean":{"confidence_interval":{"confidence_level":0.95,"lower_bound":-0.03297047992132191,"upper_bound":-0.0010388620542074497},"point_estimate":-0.017672437547483932,"standard_error":0.008191840011930006},"median":{"confidence_interval":{"confidence_level":0.95,"lower_bound":-0.048387881696052126,"upper_bound":-0.004925378797312918},"point_estimate":-0.030276525085593975,"standard_error":0.01092892219392654}}