{"mean":{"confidence_interval":{"confidence_level":0.95,"lower_bound":-0.20433780422900244,"upper_bound":-0.14222051577644382},"point_estimate":-0.17438602363612954,"standard_error":0.01589856519214855},"median":{"confidence_interval":{"confidence_level":0.95,"lower_bound":-0.21221439047884363,"upper_bound":-0.15741412300031013},"point_estimate":-0.18983680308039874,"standard_error":0.014221056865156772}}