{"mean":{"confidence_interval":{"confidence_level":0.95,"lower_bound":-0.4039759239142903,"upper_bound":-0.37581131693262226},"point_estimate":-0.3901082391343442,"standard_error":0.007246495129826438},"median":{"confidence_interval":{"confidence_level":0.95,"lower_bound":-0.4129974361895984,"upper_bound":-0.3774745098867606},"point_estimate":-0.38988198601462465,"standard_error":0.009341464991108958}}