{"mean":{"confidence_interval":{"confidence_level":0.95,"lower_bound":0.006971651471249007,"upper_bound":0.013248422109931242},"point_estimate":0.010136594028013368,"standard_error":0.001582607684258414},"median":{"confidence_interval":{"confidence_level":0.95,"lower_bound":0.008928539245766531,"upper_bound":0.010402810744358337},"point_estimate":0.009656062458549997,"standard_error":0.00036041393442095567}}