{"mean":{"confidence_interval":{"confidence_level":0.95,"lower_bound":-0.029303137016045377,"upper_bound":-0.022069732706421097},"point_estimate":-0.025931267253369694,"standard_error":0.001755324164696618},"median":{"confidence_interval":{"confidence_level":0.95,"lower_bound":-0.027184873124019626,"upper_bound":-0.025859621560870294},"point_estimate":-0.026509879541016024,"standard_error":0.00032891689954278407}}