{"mean":{"confidence_interval":{"confidence_level":0.95,"lower_bound":0.10800238866930076,"upper_bound":0.11691716978905421},"point_estimate":0.11249186417345736,"standard_error":0.002250858679407227},"median":{"confidence_interval":{"confidence_level":0.95,"lower_bound":0.11108029435070654,"upper_bound":0.11266709680955378},"point_estimate":0.11182432344116333,"standard_error":0.00039763949398549723}}