{"mean":{"confidence_interval":{"confidence_level":0.95,"lower_bound":-0.011389460960366792,"upper_bound":-0.00012146249098825632},"point_estimate":-0.005292771123614037,"standard_error":0.002869569389842414},"median":{"confidence_interval":{"confidence_level":0.95,"lower_bound":-0.01058030641182146,"upper_bound":-0.00430821359846878},"point_estimate":-0.009196306068856464,"standard_error":0.0017939841329315882}}