{"mean":{"confidence_interval":{"confidence_level":0.95,"lower_bound":0.0017979828582046498,"upper_bound":0.021726243143008982},"point_estimate":0.011523413797668525,"standard_error":0.005009327635762415},"median":{"confidence_interval":{"confidence_level":0.95,"lower_bound":0.012743648301929644,"upper_bound":0.014572622730344653},"point_estimate":0.013772985527980897,"standard_error":0.00046196545895442335}}