{"mean":{"confidence_interval":{"confidence_level":0.95,"lower_bound":-0.04913577457933451,"upper_bound":-0.0428455075468458},"point_estimate":-0.04609795629183133,"standard_error":0.001593383212149621},"median":{"confidence_interval":{"confidence_level":0.95,"lower_bound":-0.048378307780401864,"upper_bound":-0.04558102871002723},"point_estimate":-0.0466216584311665,"standard_error":0.0008669992380038854}}