{"mean":{"confidence_interval":{"confidence_level":0.95,"lower_bound":-0.004114626669155219,"upper_bound":0.0038908202828688574},"point_estimate":0.00012047728902264687,"standard_error":0.0020375168954601783},"median":{"confidence_interval":{"confidence_level":0.95,"lower_bound":0.0006183354996001089,"upper_bound":0.0038882515249789584},"point_estimate":0.0027915113261531843,"standard_error":0.0008114787147103699}}