{"mean":{"confidence_interval":{"confidence_level":0.95,"lower_bound":-0.0175830796920762,"upper_bound":-0.0030742358371594427},"point_estimate":-0.009215791654849093,"standard_error":0.003740579521121187},"median":{"confidence_interval":{"confidence_level":0.95,"lower_bound":-0.008287643540759171,"upper_bound":-0.0035586681516848184},"point_estimate":-0.004695254812557947,"standard_error":0.0010725589681010255}}