{"mean":{"confidence_interval":{"confidence_level":0.95,"lower_bound":-0.4554753106220354,"upper_bound":-0.4438880504400405},"point_estimate":-0.4495338572366052,"standard_error":0.002951478089600558},"median":{"confidence_interval":{"confidence_level":0.95,"lower_bound":-0.4496871629752691,"upper_bound":-0.44728036922040504},"point_estimate":-0.4484015025543653,"standard_error":0.0006507716964936101}}