{"mean":{"confidence_interval":{"confidence_level":0.95,"lower_bound":-0.0201377515818447,"upper_bound":-0.00597295241829124},"point_estimate":-0.011879372300781954,"standard_error":0.0036968876512439505},"median":{"confidence_interval":{"confidence_level":0.95,"lower_bound":-0.00948999653875715,"upper_bound":-0.008049008870194774},"point_estimate":-0.008596735201030659,"standard_error":0.00036265018509598336}}