{"mean":{"confidence_interval":{"confidence_level":0.95,"lower_bound":0.003451404268452103,"upper_bound":0.020032953840295638},"point_estimate":0.010885609934836227,"standard_error":0.004275189532469549},"median":{"confidence_interval":{"confidence_level":0.95,"lower_bound":0.008896809884408885,"upper_bound":0.01283044627426344},"point_estimate":0.01137886925547682,"standard_error":0.00101800501912474}}