{"mean":{"confidence_interval":{"confidence_level":0.95,"lower_bound":-0.02006598303824131,"upper_bound":-0.0065429600444346855},"point_estimate":-0.014132238706317302,"standard_error":0.0034641051948991353},"median":{"confidence_interval":{"confidence_level":0.95,"lower_bound":-0.016752966090178845,"upper_bound":-0.01285742369615217},"point_estimate":-0.014602725119106541,"standard_error":0.0010026131518016612}}