{"mean":{"confidence_interval":{"confidence_level":0.95,"lower_bound":0.017254566108813207,"upper_bound":0.04470114554185307},"point_estimate":0.0283907959622256,"standard_error":0.007271310242093639},"median":{"confidence_interval":{"confidence_level":0.95,"lower_bound":0.019092440012625476,"upper_bound":0.026682435706757435},"point_estimate":0.024553277379059546,"standard_error":0.0019675972628427183}}