{"mean":{"confidence_interval":{"confidence_level":0.95,"lower_bound":-0.009434186509121704,"upper_bound":0.014232837313167617},"point_estimate":0.0019822672381433204,"standard_error":0.005881767200137022},"median":{"confidence_interval":{"confidence_level":0.95,"lower_bound":0.0001968868605890517,"upper_bound":0.0021523727778796076},"point_estimate":0.0013687305676763906,"standard_error":0.0005219870733930301}}