{"mean":{"confidence_interval":{"confidence_level":0.95,"lower_bound":-0.019742588250401313,"upper_bound":0.0006117265056589812},"point_estimate":-0.009567696981014229,"standard_error":0.0051461783266695356},"median":{"confidence_interval":{"confidence_level":0.95,"lower_bound":-0.013751909650406624,"upper_bound":-0.009780360789388043},"point_estimate":-0.012172560885578387,"standard_error":0.0009907957171098425}}