{"mean":{"confidence_interval":{"confidence_level":0.95,"lower_bound":18663886.502916668,"upper_bound":19500032.37333333},"point_estimate":19051736.69666667,"standard_error":214360.86509084667},"median":{"confidence_interval":{"confidence_level":0.95,"lower_bound":18180600.666666668,"upper_bound":18317716.166666664},"point_estimate":18215744.166666664,"standard_error":41577.43163770273},"median_abs_dev":{"confidence_interval":{"confidence_level":0.95,"lower_bound":247509.68740582466,"upper_bound":563454.7069966793},"point_estimate":312826.6176462137,"standard_error":85257.10683002898},"slope":null,"std_dev":{"confidence_interval":{"confidence_level":0.95,"lower_bound":1174451.5699321772,"upper_bound":2890817.126949852},"point_estimate":2144626.4920212906,"standard_error":428337.4712440233}}