{"mean":{"confidence_interval":{"confidence_level":0.95,"lower_bound":39482.19108191479,"upper_bound":39687.01953962629},"point_estimate":39571.657238658925,"standard_error":52.71834290020976},"median":{"confidence_interval":{"confidence_level":0.95,"lower_bound":39401.818181818184,"upper_bound":39449.150997150995},"point_estimate":39425.68343832591,"standard_error":11.680065316191167},"median_abs_dev":{"confidence_interval":{"confidence_level":0.95,"lower_bound":67.71479844860016,"upper_bound":133.70237568186133},"point_estimate":97.37038933541206,"standard_error":16.76578440345024},"slope":{"confidence_interval":{"confidence_level":0.95,"lower_bound":39501.5110663758,"upper_bound":39758.55858365695},"point_estimate":39612.27465724184,"standard_error":66.11432030686157},"std_dev":{"confidence_interval":{"confidence_level":0.95,"lower_bound":230.1376798944223,"upper_bound":794.0046956198132},"point_estimate":529.8462095129032,"standard_error":148.73398236425697}}