{"mean":{"confidence_interval":{"confidence_level":0.95,"lower_bound":5196451.277999998,"upper_bound":5248750.66},"point_estimate":5222160.914000001,"standard_error":13177.592767741131},"median":{"confidence_interval":{"confidence_level":0.95,"lower_bound":5178343.85,"upper_bound":5243431.25},"point_estimate":5213554.9,"standard_error":15655.202124961444},"median_abs_dev":{"confidence_interval":{"confidence_level":0.95,"lower_bound":95228.87890934944,"upper_bound":148276.15770757184},"point_estimate":119835.5906724923,"standard_error":13760.18727661699},"slope":null,"std_dev":{"confidence_interval":{"confidence_level":0.95,"lower_bound":107915.64952493267,"upper_bound":156038.59857228157},"point_estimate":132364.59071704376,"standard_error":12343.497106735333}}