{"mean":{"confidence_interval":{"confidence_level":0.95,"lower_bound":5487220.6433333345,"upper_bound":5795143.948888887},"point_estimate":5639854.667777777,"standard_error":78123.03260933049},"median":{"confidence_interval":{"confidence_level":0.95,"lower_bound":5398063.666666666,"upper_bound":5769990.611111111},"point_estimate":5566725.166666666,"standard_error":95426.15185054128},"median_abs_dev":{"confidence_interval":{"confidence_level":0.95,"lower_bound":616716.3697510958,"upper_bound":970395.3707387047},"point_estimate":827887.6141687247,"standard_error":88589.45887024887},"slope":null,"std_dev":{"confidence_interval":{"confidence_level":0.95,"lower_bound":667628.75187492,"upper_bound":899360.8514428952},"point_estimate":786417.0713957367,"standard_error":58827.21299481234}}