{"mean":{"confidence_interval":{"confidence_level":0.95,"lower_bound":3434364.399958332,"upper_bound":3453685.0933333323},"point_estimate":3442466.558333333,"standard_error":5070.109812984259},"median":{"confidence_interval":{"confidence_level":0.95,"lower_bound":3431706.75,"upper_bound":3437101.0},"point_estimate":3435260.083333333,"standard_error":1449.296311225188},"median_abs_dev":{"confidence_interval":{"confidence_level":0.95,"lower_bound":8377.659718766588,"upper_bound":13172.03591614973},"point_estimate":11097.87855297304,"standard_error":1193.6560577623345},"slope":null,"std_dev":{"confidence_interval":{"confidence_level":0.95,"lower_bound":10187.525890849318,"upper_bound":79111.77750488112},"point_estimate":51169.55015244714,"standard_error":18718.56735394154}}