{"mean":{"confidence_interval":{"confidence_level":0.95,"lower_bound":3831347.012249999,"upper_bound":3856996.966791667},"point_estimate":3842596.4799999986,"standard_error":6601.321666387549},"median":{"confidence_interval":{"confidence_level":0.95,"lower_bound":3825862.5,"upper_bound":3829765.083333333},"point_estimate":3827953.5,"standard_error":938.1022060787932},"median_abs_dev":{"confidence_interval":{"confidence_level":0.95,"lower_bound":5802.278546989177,"upper_bound":11125.059552491057},"point_estimate":8206.314404308681,"standard_error":1377.4294321406398},"slope":null,"std_dev":{"confidence_interval":{"confidence_level":0.95,"lower_bound":26067.770705486186,"upper_bound":95582.4570750968},"point_estimate":66190.28699325815,"standard_error":17575.359708397802}}