{"mean":{"confidence_interval":{"confidence_level":0.95,"lower_bound":2910456.3181666667,"upper_bound":2927765.587145832},"point_estimate":2917020.3900000006,"standard_error":4735.924622381014},"median":{"confidence_interval":{"confidence_level":0.95,"lower_bound":2910998.3333333335,"upper_bound":2916160.333333333},"point_estimate":2913128.791666667,"standard_error":1411.6151109152872},"median_abs_dev":{"confidence_interval":{"confidence_level":0.95,"lower_bound":10117.228244132628,"upper_bound":19877.712047100296},"point_estimate":14392.092144489174,"standard_error":2486.974902074176},"slope":null,"std_dev":{"confidence_interval":{"confidence_level":0.95,"lower_bound":12320.961293324874,"upper_bound":79635.9977834618},"point_estimate":47538.347108139664,"standard_error":23348.928512048493}}