{"mean":{"confidence_interval":{"confidence_level":0.95,"lower_bound":3460470.023333334,"upper_bound":3506339.2183333337},"point_estimate":3479052.846666668,"standard_error":12020.96978911792},"median":{"confidence_interval":{"confidence_level":0.95,"lower_bound":3455815.3333333335,"upper_bound":3462208.8333333335},"point_estimate":3460407.916666667,"standard_error":1458.5748443796683},"median_abs_dev":{"confidence_interval":{"confidence_level":0.95,"lower_bound":9285.64718514704,"upper_bound":15034.348275586946},"point_estimate":12337.455680966377,"standard_error":1492.6598425033612},"slope":null,"std_dev":{"confidence_interval":{"confidence_level":0.95,"lower_bound":15716.121166066978,"upper_bound":197406.50981851542},"point_estimate":121077.11806122874,"standard_error":49717.96275289698}}