{"mean":{"confidence_interval":{"confidence_level":0.95,"lower_bound":2809221.6021041665,"upper_bound":2821971.0283333333},"point_estimate":2814038.435833333,"standard_error":3516.9066436042035},"median":{"confidence_interval":{"confidence_level":0.95,"lower_bound":2811269.3333333335,"upper_bound":2814022.041666667},"point_estimate":2812528.375,"standard_error":636.6993354219873},"median_abs_dev":{"confidence_interval":{"confidence_level":0.95,"lower_bound":5749.399147927877,"upper_bound":13105.195367336504},"point_estimate":8433.213975280523,"standard_error":1834.3338351597695},"slope":null,"std_dev":{"confidence_interval":{"confidence_level":0.95,"lower_bound":8654.790412045517,"upper_bound":59245.15500858203},"point_estimate":35300.20318508818,"standard_error":17540.68544794173}}