{"mean":{"confidence_interval":{"confidence_level":0.95,"lower_bound":3513985.6084166677,"upper_bound":3545224.444833333},"point_estimate":3527584.928333333,"standard_error":7886.181481386614},"median":{"confidence_interval":{"confidence_level":0.95,"lower_bound":3511048.666666667,"upper_bound":3516529.1666666665},"point_estimate":3513487.75,"standard_error":1688.255778833703},"median_abs_dev":{"confidence_interval":{"confidence_level":0.95,"lower_bound":8527.788409851946,"upper_bound":14441.882793605442},"point_estimate":10738.1009593606,"standard_error":1506.7748291916496},"slope":null,"std_dev":{"confidence_interval":{"confidence_level":0.95,"lower_bound":11752.193739542261,"upper_bound":116457.69505222072},"point_estimate":79086.89037968859,"standard_error":23931.8718035162}}