{"mean":{"confidence_interval":{"confidence_level":0.95,"lower_bound":17512133.746666674,"upper_bound":19047633.19425},"point_estimate":18258769.700000003,"standard_error":391957.4817027205},"median":{"confidence_interval":{"confidence_level":0.95,"lower_bound":16675105.0,"upper_bound":18476062.666666668},"point_estimate":17710498.0,"standard_error":451775.3121373051},"median_abs_dev":{"confidence_interval":{"confidence_level":0.95,"lower_bound":2419620.7011431465,"upper_bound":4129498.0060892496},"point_estimate":3198157.916021347,"standard_error":438674.9667850942},"slope":null,"std_dev":{"confidence_interval":{"confidence_level":0.95,"lower_bound":3102214.1806671238,"upper_bound":4769973.814542312},"point_estimate":3943098.787617153,"standard_error":432058.0626422787}}