{"mean":{"confidence_interval":{"confidence_level":0.95,"lower_bound":18788737.8165,"upper_bound":19536981.692125},"point_estimate":19158657.995,"standard_error":190619.85792436302},"median":{"confidence_interval":{"confidence_level":0.95,"lower_bound":18131693.5,"upper_bound":19253203.0},"point_estimate":18649687.0,"standard_error":274159.32702829025},"median_abs_dev":{"confidence_interval":{"confidence_level":0.95,"lower_bound":1284153.9672017097,"upper_bound":2552953.017126024},"point_estimate":1990969.7906032205,"standard_error":343943.97585724946},"slope":null,"std_dev":{"confidence_interval":{"confidence_level":0.95,"lower_bound":1665801.4327573306,"upper_bound":2166525.5946079562},"point_estimate":1922008.5839119446,"standard_error":127458.67520776142}}