{"mean":{"confidence_interval":{"confidence_level":0.95,"lower_bound":-0.14333065375095322,"upper_bound":-0.019598678749201202},"point_estimate":-0.07740287953812763,"standard_error":0.031584959378940555},"median":{"confidence_interval":{"confidence_level":0.95,"lower_bound":-0.09076717468700031,"upper_bound":0.0049927250881229845},"point_estimate":-0.048600805581680895,"standard_error":0.024573023918156887}}