{"mean":{"confidence_interval":{"confidence_level":0.95,"lower_bound":0.0006056419658664271,"upper_bound":0.01568541232338402},"point_estimate":0.008234820982595759,"standard_error":0.003868797850818422},"median":{"confidence_interval":{"confidence_level":0.95,"lower_bound":0.0029978624196993486,"upper_bound":0.018724552457267007},"point_estimate":0.011610649393644312,"standard_error":0.003889500460395418}}