{"mean":{"confidence_interval":{"confidence_level":0.95,"lower_bound":-0.10638260884564223,"upper_bound":-0.05543335451056565},"point_estimate":-0.08162374864158684,"standard_error":0.013033770291195396},"median":{"confidence_interval":{"confidence_level":0.95,"lower_bound":-0.10741890712922308,"upper_bound":-0.04491481488257287},"point_estimate":-0.07419232211062676,"standard_error":0.016095042004573033}}