{"mean":{"confidence_interval":{"confidence_level":0.95,"lower_bound":-0.030052296772938244,"upper_bound":-0.0188209972442095},"point_estimate":-0.02456538578984646,"standard_error":0.002863671353782218},"median":{"confidence_interval":{"confidence_level":0.95,"lower_bound":-0.021428644845905453,"upper_bound":-0.020152177807834404},"point_estimate":-0.02089673270968806,"standard_error":0.00031586028275429546}}