{"mean":{"confidence_interval":{"confidence_level":0.95,"lower_bound":1.0537203889772022,"upper_bound":1.0725034731114003},"point_estimate":1.0639386761173903,"standard_error":0.00476387472537619},"median":{"confidence_interval":{"confidence_level":0.95,"lower_bound":1.0664805441458913,"upper_bound":1.0696357465327453},"point_estimate":1.0685715145181134,"standard_error":0.0007990668372895158}}