{"mean":{"confidence_interval":{"confidence_level":0.95,"lower_bound":-0.007808271826907845,"upper_bound":0.0035776510523363486},"point_estimate":-0.0032560859924962715,"standard_error":0.002813033514665756},"median":{"confidence_interval":{"confidence_level":0.95,"lower_bound":-0.006715415579893302,"upper_bound":-0.005626123385677917},"point_estimate":-0.006117933207214765,"standard_error":0.0002869553125102309}}