{"mean":{"confidence_interval":{"confidence_level":0.95,"lower_bound":-0.0043715150333403915,"upper_bound":0.0007582115389322698},"point_estimate":-0.0017589610296764313,"standard_error":0.0012701678430003288},"median":{"confidence_interval":{"confidence_level":0.95,"lower_bound":-0.0028575580416557943,"upper_bound":-0.0016035745089180153},"point_estimate":-0.0023195824990837055,"standard_error":0.0003207101944491529}}