{"mean":{"confidence_interval":{"confidence_level":0.95,"lower_bound":-0.005709234254173953,"upper_bound":0.007398110178120241},"point_estimate":0.0011960028730011452,"standard_error":0.003281999655373452},"median":{"confidence_interval":{"confidence_level":0.95,"lower_bound":0.001108367612578931,"upper_bound":0.002407475740831444},"point_estimate":0.0016521230521535646,"standard_error":0.0003402961660748459}}