{"mean":{"confidence_interval":{"confidence_level":0.95,"lower_bound":-0.029316848467554002,"upper_bound":0.017690732363606385},"point_estimate":-0.006402374243777653,"standard_error":0.012027566750114113},"median":{"confidence_interval":{"confidence_level":0.95,"lower_bound":-0.027252171074205522,"upper_bound":0.01893990326628311},"point_estimate":-0.004069566051200346,"standard_error":0.012316955498818375}}