{"mean":{"confidence_interval":{"confidence_level":0.95,"lower_bound":-0.11542767770075538,"upper_bound":-0.04914267990840438},"point_estimate":-0.08296263314964336,"standard_error":0.01685994351479859},"median":{"confidence_interval":{"confidence_level":0.95,"lower_bound":-0.10392836066979483,"upper_bound":-0.03298707317673},"point_estimate":-0.06912020784761441,"standard_error":0.017582075567851362}}