{"mean":{"confidence_interval":{"confidence_level":0.95,"lower_bound":54995.25175569523,"upper_bound":55844.274198286636},"point_estimate":55368.26858650667,"standard_error":219.1674276519583},"median":{"confidence_interval":{"confidence_level":0.95,"lower_bound":55010.90485175203,"upper_bound":55328.41714285714},"point_estimate":55195.02312030076,"standard_error":86.33741698320328},"median_abs_dev":{"confidence_interval":{"confidence_level":0.95,"lower_bound":523.2986147997049,"upper_bound":897.7108769421953},"point_estimate":657.1599653935151,"standard_error":97.54697556634636},"slope":{"confidence_interval":{"confidence_level":0.95,"lower_bound":55031.00616122832,"upper_bound":56019.97395769303},"point_estimate":55463.21795815829,"standard_error":252.9941807279904},"std_dev":{"confidence_interval":{"confidence_level":0.95,"lower_bound":897.1898843682472,"upper_bound":3274.953450185855},"point_estimate":2204.325511969215,"standard_error":630.2129758783482}}