{"mean":{"confidence_interval":{"confidence_level":0.95,"lower_bound":18039148.530000005,"upper_bound":19259011.1685},"point_estimate":18618230.81,"standard_error":310626.1497462208},"median":{"confidence_interval":{"confidence_level":0.95,"lower_bound":16894222.0,"upper_bound":18442318.833333332},"point_estimate":17292492.166666664,"standard_error":401002.1778410151},"median_abs_dev":{"confidence_interval":{"confidence_level":0.95,"lower_bound":1025223.0708986521,"upper_bound":3083295.2127605667},"point_estimate":2486457.0492565585,"standard_error":615558.6523618366},"slope":null,"std_dev":{"confidence_interval":{"confidence_level":0.95,"lower_bound":2340250.2343881265,"upper_bound":4021694.4526578286},"point_estimate":3133311.0747897667,"standard_error":450438.39734577853}}