{"mean":{"confidence_interval":{"confidence_level":0.95,"lower_bound":17250583.351500005,"upper_bound":18992156.44666666},"point_estimate":18089617.98666667,"standard_error":443402.4884341148},"median":{"confidence_interval":{"confidence_level":0.95,"lower_bound":16064958.0,"upper_bound":18041897.5},"point_estimate":16904486.833333336,"standard_error":482428.8093714999},"median_abs_dev":{"confidence_interval":{"confidence_level":0.95,"lower_bound":3001017.2338037947,"upper_bound":4864099.167644977},"point_estimate":3841672.2802966833,"standard_error":440652.0096688779},"slope":null,"std_dev":{"confidence_interval":{"confidence_level":0.95,"lower_bound":3505671.972379207,"upper_bound":5399917.20654449},"point_estimate":4467302.382919089,"standard_error":487036.32383849716}}