{"mean":{"confidence_interval":{"confidence_level":0.95,"lower_bound":-0.0710209117960767,"upper_bound":0.07145962569937002},"point_estimate":-0.0037565290691348174,"standard_error":0.036359518658673436},"median":{"confidence_interval":{"confidence_level":0.95,"lower_bound":-0.05047914135855103,"upper_bound":0.05323028714372113},"point_estimate":-0.0026019717414086374,"standard_error":0.028165133450177154}}