{"mean":{"confidence_interval":{"confidence_level":0.95,"lower_bound":-0.004983786050061195,"upper_bound":0.08821745511234699},"point_estimate":0.037414589209529225,"standard_error":0.023657204785375825},"median":{"confidence_interval":{"confidence_level":0.95,"lower_bound":-0.05368616416293048,"upper_bound":0.11037809455376935},"point_estimate":0.018418769142404257,"standard_error":0.040431653609351394}}