{"mean":{"confidence_interval":{"confidence_level":0.95,"lower_bound":-0.04683357271521581,"upper_bound":0.08451524813600665},"point_estimate":0.01911599929917429,"standard_error":0.033590886300458214},"median":{"confidence_interval":{"confidence_level":0.95,"lower_bound":-0.0689124258478162,"upper_bound":0.032953111181769135},"point_estimate":-0.022782850828042545,"standard_error":0.026273406621829788}}