{"mean":{"confidence_interval":{"confidence_level":0.95,"lower_bound":0.6240882657475856,"upper_bound":0.8033759338331306},"point_estimate":0.7103838740842479,"standard_error":0.04577787239471195},"median":{"confidence_interval":{"confidence_level":0.95,"lower_bound":0.5992494406607551,"upper_bound":0.7625834505728808},"point_estimate":0.6740652163030261,"standard_error":0.04299078776308115}}