{"mean":{"confidence_interval":{"confidence_level":0.95,"lower_bound":-0.029414136300568612,"upper_bound":0.11476815034321146},"point_estimate":0.04282263241653639,"standard_error":0.03694420245310485},"median":{"confidence_interval":{"confidence_level":0.95,"lower_bound":-0.016688676564801663,"upper_bound":0.12476271919469431},"point_estimate":0.0641540393623492,"standard_error":0.03700878803587319}}