{"mean":{"confidence_interval":{"confidence_level":0.95,"lower_bound":-0.03525866513355034,"upper_bound":0.08805253961601514},"point_estimate":0.017766070386910693,"standard_error":0.03186390554467738},"median":{"confidence_interval":{"confidence_level":0.95,"lower_bound":-0.044363938551164585,"upper_bound":0.09463503836521237},"point_estimate":0.03225465478877321,"standard_error":0.03654786358304823}}