{"mean":{"confidence_interval":{"confidence_level":0.95,"lower_bound":-0.0512739377135586,"upper_bound":0.08660583917156761},"point_estimate":0.020003642359914142,"standard_error":0.03503022578690612},"median":{"confidence_interval":{"confidence_level":0.95,"lower_bound":-0.06798855848865848,"upper_bound":0.09799764253258125},"point_estimate":0.027334151883386282,"standard_error":0.04401370667589093}}