{"mean":{"confidence_interval":{"confidence_level":0.95,"lower_bound":-0.015436974508439429,"upper_bound":0.08348855871989631},"point_estimate":0.03406450618265122,"standard_error":0.02532888926427079},"median":{"confidence_interval":{"confidence_level":0.95,"lower_bound":-0.04535701242524859,"upper_bound":0.12222238453123091},"point_estimate":0.01813004765563253,"standard_error":0.044161259228109484}}