{"mean":{"confidence_interval":{"confidence_level":0.95,"lower_bound":5150512.046,"upper_bound":5211115.362000001},"point_estimate":5179508.588000003,"standard_error":15358.992387550994},"median":{"confidence_interval":{"confidence_level":0.95,"lower_bound":5124721.699999999,"upper_bound":5188897.300000001},"point_estimate":5153716.9,"standard_error":14433.402257376943},"median_abs_dev":{"confidence_interval":{"confidence_level":0.95,"lower_bound":87682.07439333269,"upper_bound":146023.94008755588},"point_estimate":110707.59328454801,"standard_error":14214.810349152223},"slope":null,"std_dev":{"confidence_interval":{"confidence_level":0.95,"lower_bound":114385.48615680922,"upper_bound":204167.59549704925},"point_estimate":156223.4839542283,"standard_error":24173.180456626407}}