{"mean":{"confidence_interval":{"confidence_level":0.95,"lower_bound":48677562.20525,"upper_bound":52169257.04},"point_estimate":50379658.26,"standard_error":885460.3964436958},"median":{"confidence_interval":{"confidence_level":0.95,"lower_bound":46121829.0,"upper_bound":49848845.0},"point_estimate":47791634.5,"standard_error":1014568.3165330451},"median_abs_dev":{"confidence_interval":{"confidence_level":0.95,"lower_bound":4269093.991908431,"upper_bound":9448561.447754502},"point_estimate":6405549.464678764,"standard_error":1367241.2677128324},"slope":null,"std_dev":{"confidence_interval":{"confidence_level":0.95,"lower_bound":7459574.34968878,"upper_bound":10177311.216742046},"point_estimate":8919062.016868114,"standard_error":698187.6506675105}}