{"mean":{"confidence_interval":{"confidence_level":0.95,"lower_bound":-0.006563689115790904,"upper_bound":0.0032297000408354135},"point_estimate":-0.0019413047457175203,"standard_error":0.0024931864086994364},"median":{"confidence_interval":{"confidence_level":0.95,"lower_bound":-0.005478962549393729,"upper_bound":-0.002656317419204579},"point_estimate":-0.003992880597274429,"standard_error":0.0007002004915021218}}