{"mean":{"confidence_interval":{"confidence_level":0.95,"lower_bound":-0.015042011831875281,"upper_bound":-0.003660928562071148},"point_estimate":-0.009376406428753925,"standard_error":0.002881235902733652},"median":{"confidence_interval":{"confidence_level":0.95,"lower_bound":-0.010054711635549496,"upper_bound":-0.007048761271363822},"point_estimate":-0.008133798104177248,"standard_error":0.0008187440880954519}}