{"mean":{"confidence_interval":{"confidence_level":0.95,"lower_bound":-0.01856069613110356,"upper_bound":-0.004222133275771571},"point_estimate":-0.010516163434651116,"standard_error":0.0036941064986593464},"median":{"confidence_interval":{"confidence_level":0.95,"lower_bound":-0.008335317221082038,"upper_bound":-0.005963423776220643},"point_estimate":-0.00726730314429469,"standard_error":0.0005760080545939196}}