{"mean":{"confidence_interval":{"confidence_level":0.95,"lower_bound":-0.004980247928840793,"upper_bound":0.00405123142536035},"point_estimate":-0.0007288016987619939,"standard_error":0.002250042943813379},"median":{"confidence_interval":{"confidence_level":0.95,"lower_bound":-0.00320711599911494,"upper_bound":-0.001901057111823694},"point_estimate":-0.00252206292043744,"standard_error":0.0003310307667228812}}