{"mean":{"confidence_interval":{"confidence_level":0.95,"lower_bound":0.009124854618109269,"upper_bound":0.01865074214407714},"point_estimate":0.013550687337612555,"standard_error":0.0023520207292117576},"median":{"confidence_interval":{"confidence_level":0.95,"lower_bound":0.010785013989362824,"upper_bound":0.012527691959873577},"point_estimate":0.011567601814268968,"standard_error":0.0004228352075894549}}