{"mean":{"confidence_interval":{"confidence_level":0.95,"lower_bound":-0.25721769073010103,"upper_bound":-0.2502418841425874},"point_estimate":-0.2536818655083305,"standard_error":0.001756498927217473},"median":{"confidence_interval":{"confidence_level":0.95,"lower_bound":-0.25309646916585604,"upper_bound":-0.2515046428662161},"point_estimate":-0.2523238618900723,"standard_error":0.00040471998795516716}}