{"mean":{"confidence_interval":{"confidence_level":0.95,"lower_bound":-0.0021561018773724795,"upper_bound":0.006446985529234333},"point_estimate":0.001963151497582194,"standard_error":0.0022291285763565106},"median":{"confidence_interval":{"confidence_level":0.95,"lower_bound":-0.00018386873019464152,"upper_bound":0.0017236778404892128},"point_estimate":0.0007779987676423961,"standard_error":0.0004901985376715536}}