{"mean":{"confidence_interval":{"confidence_level":0.95,"lower_bound":0.005325126652145212,"upper_bound":0.017056087492293058},"point_estimate":0.011001834613438843,"standard_error":0.0029660429729405223},"median":{"confidence_interval":{"confidence_level":0.95,"lower_bound":0.008203738016485884,"upper_bound":0.010600453492742856},"point_estimate":0.01001291475948407,"standard_error":0.0006000296601007723}}