{"mean":{"confidence_interval":{"confidence_level":0.95,"lower_bound":-0.015809614543511985,"upper_bound":-0.002008501765404297},"point_estimate":-0.007648821040807441,"standard_error":0.003614272651564476},"median":{"confidence_interval":{"confidence_level":0.95,"lower_bound":-0.00568355797840614,"upper_bound":-0.0027926433275127227},"point_estimate":-0.0043574777257470165,"standard_error":0.000827823973026534}}