{"mean":{"confidence_interval":{"confidence_level":0.95,"lower_bound":-0.00990814050192426,"upper_bound":-0.0007230408687207314},"point_estimate":-0.0052467534553580775,"standard_error":0.002321550287169087},"median":{"confidence_interval":{"confidence_level":0.95,"lower_bound":-0.007083001700061342,"upper_bound":-0.0047410809371509766},"point_estimate":-0.006330549960118503,"standard_error":0.0005945139975866117}}