{"mean":{"confidence_interval":{"confidence_level":0.95,"lower_bound":-0.01143703794655367,"upper_bound":0.0031980965889093138},"point_estimate":-0.00442294247725461,"standard_error":0.0036868919455343655},"median":{"confidence_interval":{"confidence_level":0.95,"lower_bound":-0.008610154758749908,"upper_bound":-0.005549480509317917},"point_estimate":-0.007030837264389134,"standard_error":0.0007876421112174943}}