{"mean":{"confidence_interval":{"confidence_level":0.95,"lower_bound":3897143.285458334,"upper_bound":3924022.1294583343},"point_estimate":3908548.1849999996,"standard_error":6968.950154396437},"median":{"confidence_interval":{"confidence_level":0.95,"lower_bound":3894340.5833333335,"upper_bound":3898519.166666667},"point_estimate":3896244.1666666665,"standard_error":996.0130774464026},"median_abs_dev":{"confidence_interval":{"confidence_level":0.95,"lower_bound":7514.557966589928,"upper_bound":13844.024354219551},"point_estimate":10029.788821935308,"standard_error":1679.8896893926476},"slope":null,"std_dev":{"confidence_interval":{"confidence_level":0.95,"lower_bound":18232.170464438357,"upper_bound":108226.91430813122},"point_estimate":70116.33341799257,"standard_error":23839.836227353175}}