{"mean":{"confidence_interval":{"confidence_level":0.95,"lower_bound":3419143.1632499998,"upper_bound":3442834.7580833337},"point_estimate":3429678.98,"standard_error":6093.79851470505},"median":{"confidence_interval":{"confidence_level":0.95,"lower_bound":3413160.0,"upper_bound":3420244.5},"point_estimate":3415605.5,"standard_error":1624.4547159646575},"median_abs_dev":{"confidence_interval":{"confidence_level":0.95,"lower_bound":9323.824134468572,"upper_bound":16074.71956461668},"point_estimate":12676.476874947317,"standard_error":1741.1277518565844},"slope":null,"std_dev":{"confidence_interval":{"confidence_level":0.95,"lower_bound":25533.423455660195,"upper_bound":87861.68182103489},"point_estimate":61230.851717510726,"standard_error":15888.941722038715}}