{"mean":{"confidence_interval":{"confidence_level":0.95,"lower_bound":3424323.6104166675,"upper_bound":3450584.9115416678},"point_estimate":3435783.6816666666,"standard_error":6749.6706747733815},"median":{"confidence_interval":{"confidence_level":0.95,"lower_bound":3417371.6666666665,"upper_bound":3424977.3333333335},"point_estimate":3421543.5,"standard_error":1838.9856673398433},"median_abs_dev":{"confidence_interval":{"confidence_level":0.95,"lower_bound":12751.224623620396,"upper_bound":20307.418939471707},"point_estimate":16578.68000566971,"standard_error":1980.507914883252},"slope":null,"std_dev":{"confidence_interval":{"confidence_level":0.95,"lower_bound":27582.663936181012,"upper_bound":102467.06791284977},"point_estimate":67701.61274483391,"standard_error":19831.168824919}}