{"mean":{"confidence_interval":{"confidence_level":0.95,"lower_bound":3471779.784291668,"upper_bound":3505716.47225},"point_estimate":3486152.6583333327,"standard_error":8832.136045055593},"median":{"confidence_interval":{"confidence_level":0.95,"lower_bound":3465477.1666666665,"upper_bound":3472790.75},"point_estimate":3471568.5833333335,"standard_error":1916.405293831443},"median_abs_dev":{"confidence_interval":{"confidence_level":0.95,"lower_bound":12264.437632262707,"upper_bound":21401.82482004154},"point_estimate":17102.655546367398,"standard_error":2465.5384019775515},"slope":null,"std_dev":{"confidence_interval":{"confidence_level":0.95,"lower_bound":24008.60239999914,"upper_bound":139219.0154050598},"point_estimate":88769.50282294516,"standard_error":31230.090392498998}}