{"mean":{"confidence_interval":{"confidence_level":0.95,"lower_bound":2843592.018395833,"upper_bound":2864543.4433125},"point_estimate":2852170.5908333347,"standard_error":5503.71152042472},"median":{"confidence_interval":{"confidence_level":0.95,"lower_bound":2843435.166666667,"upper_bound":2848061.0833333335},"point_estimate":2845062.583333333,"standard_error":1025.8012714960435},"median_abs_dev":{"confidence_interval":{"confidence_level":0.95,"lower_bound":6769.736804813147,"upper_bound":12148.733059317105},"point_estimate":9711.956452578306,"standard_error":1416.9766582466964},"slope":null,"std_dev":{"confidence_interval":{"confidence_level":0.95,"lower_bound":9328.317399505295,"upper_bound":87951.87433934581},"point_estimate":55423.707228233034,"standard_error":21592.086449875675}}