{"mean":{"confidence_interval":{"confidence_level":0.95,"lower_bound":-0.23311577473089662,"upper_bound":-0.1308409555396723},"point_estimate":-0.18295662927788825,"standard_error":0.02631864837417783},"median":{"confidence_interval":{"confidence_level":0.95,"lower_bound":-0.2790438658479383,"upper_bound":-0.06563083000026104},"point_estimate":-0.1530741941645265,"standard_error":0.05828881988268751}}