{"mean":{"confidence_interval":{"confidence_level":0.95,"lower_bound":-0.354429455967873,"upper_bound":-0.3156388586023044},"point_estimate":-0.33475254821274714,"standard_error":0.010091218987533616},"median":{"confidence_interval":{"confidence_level":0.95,"lower_bound":-0.3443428131525914,"upper_bound":-0.3091827420044554},"point_estimate":-0.3228860038919419,"standard_error":0.009324788740951771}}