{"mean":{"confidence_interval":{"confidence_level":0.95,"lower_bound":-0.12859061977625727,"upper_bound":-0.053672791986917434},"point_estimate":-0.09061202625016795,"standard_error":0.01908455104425682},"median":{"confidence_interval":{"confidence_level":0.95,"lower_bound":-0.05941324997696473,"upper_bound":0.0027783906756640984},"point_estimate":-0.038156835572985326,"standard_error":0.01566201154292409}}