{"mean":{"confidence_interval":{"confidence_level":0.95,"lower_bound":7833576.391428573,"upper_bound":8080469.3657142855},"point_estimate":7957553.498571431,"standard_error":63102.92266184352},"median":{"confidence_interval":{"confidence_level":0.95,"lower_bound":7895475.642857144,"upper_bound":8178270.785714285},"point_estimate":8035612.5,"standard_error":74392.94384587104},"median_abs_dev":{"confidence_interval":{"confidence_level":0.95,"lower_bound":429354.06887744105,"upper_bound":817165.9909549005},"point_estimate":627737.5943554296,"standard_error":99168.59380614932},"slope":null,"std_dev":{"confidence_interval":{"confidence_level":0.95,"lower_bound":554892.2736733144,"upper_bound":708833.4771693939},"point_estimate":635987.6392439964,"standard_error":39606.677479495316}}