{"mean":{"confidence_interval":{"confidence_level":0.95,"lower_bound":46016515.76,"upper_bound":49821732.24},"point_estimate":47862539.28,"standard_error":977007.0538667054},"median":{"confidence_interval":{"confidence_level":0.95,"lower_bound":43523324.0,"upper_bound":49010528.0},"point_estimate":45600011.0,"standard_error":1305810.3660729136},"median_abs_dev":{"confidence_interval":{"confidence_level":0.95,"lower_bound":6349705.854070187,"upper_bound":10687023.907667398},"point_estimate":7969697.6260095835,"standard_error":1105943.45971555},"slope":null,"std_dev":{"confidence_interval":{"confidence_level":0.95,"lower_bound":7974618.215052912,"upper_bound":11539429.94078706},"point_estimate":9837517.408469548,"standard_error":909624.8145608924}}