{"mean":{"confidence_interval":{"confidence_level":0.95,"lower_bound":-0.049114232877335955,"upper_bound":0.06925347654248748},"point_estimate":0.008739660361502422,"standard_error":0.030188782823616145},"median":{"confidence_interval":{"confidence_level":0.95,"lower_bound":0.008092767312898786,"upper_bound":0.06304502145281199},"point_estimate":0.0405004623689833,"standard_error":0.015084896333794357}}