{"mean":{"confidence_interval":{"confidence_level":0.95,"lower_bound":-0.14307429189283297,"upper_bound":-0.011249976560857381},"point_estimate":-0.07632360378088454,"standard_error":0.03352913074614924},"median":{"confidence_interval":{"confidence_level":0.95,"lower_bound":-0.1765503345211552,"upper_bound":0.012523923022891958},"point_estimate":-0.04835914877185088,"standard_error":0.048685225641376825}}