{"mean":{"confidence_interval":{"confidence_level":0.95,"lower_bound":-0.0609464290927472,"upper_bound":0.005684845282952939},"point_estimate":-0.028142703196362473,"standard_error":0.01701629817457963},"median":{"confidence_interval":{"confidence_level":0.95,"lower_bound":-0.05177481745171575,"upper_bound":0.09402609306915788},"point_estimate":0.032910804612285016,"standard_error":0.04212170672437681}}