{"mean":{"confidence_interval":{"confidence_level":0.95,"lower_bound":-0.1319466580054296,"upper_bound":-0.004644554518858611},"point_estimate":-0.06936682012011886,"standard_error":0.03242704064823283},"median":{"confidence_interval":{"confidence_level":0.95,"lower_bound":-0.23610273313674446,"upper_bound":-0.12256097431007029},"point_estimate":-0.21486620476485863,"standard_error":0.030803438418250794}}