{"mean":{"confidence_interval":{"confidence_level":0.95,"lower_bound":-0.6869556494233835,"upper_bound":-0.6432149169807827},"point_estimate":-0.6656401112949465,"standard_error":0.011176940284692538},"median":{"confidence_interval":{"confidence_level":0.95,"lower_bound":-0.6356474835562317,"upper_bound":-0.6108807965786675},"point_estimate":-0.6205716394572063,"standard_error":0.005407438607427233}}