{"mean":{"confidence_interval":{"confidence_level":0.95,"lower_bound":-0.42937512352662016,"upper_bound":-0.3981536809776768},"point_estimate":-0.4143001544685224,"standard_error":0.007958935684935107},"median":{"confidence_interval":{"confidence_level":0.95,"lower_bound":-0.44918160511095173,"upper_bound":-0.3724517839497107},"point_estimate":-0.41940833705998404,"standard_error":0.02277703255725667}}