{"mean":{"confidence_interval":{"confidence_level":0.95,"lower_bound":2009243.8808000002,"upper_bound":2016565.0791999993},"point_estimate":2011909.9527999994,"standard_error":2121.3398925650595},"median":{"confidence_interval":{"confidence_level":0.95,"lower_bound":2008225.7000000002,"upper_bound":2010279.84},"point_estimate":2009703.32,"standard_error":462.61210103944956},"median_abs_dev":{"confidence_interval":{"confidence_level":0.95,"lower_bound":2418.8618570566177,"upper_bound":3892.8924028874753},"point_estimate":3384.3902639150483,"standard_error":391.23418748932227},"slope":null,"std_dev":{"confidence_interval":{"confidence_level":0.95,"lower_bound":3151.8606971621707,"upper_bound":36193.41626738269},"point_estimate":21302.583529677362,"standard_error":11616.727045774467}}