{"mean":{"confidence_interval":{"confidence_level":0.95,"lower_bound":-0.019151696946317378,"upper_bound":-0.008212436208552967},"point_estimate":-0.013512007746175447,"standard_error":0.002792555000698652},"median":{"confidence_interval":{"confidence_level":0.95,"lower_bound":-0.01183607500070294,"upper_bound":-0.009593432501906474},"point_estimate":-0.01097397651612153,"standard_error":0.0005294575459724256}}