{"mean":{"confidence_interval":{"confidence_level":0.95,"lower_bound":-0.008471083969443946,"upper_bound":-0.0013852854357343737},"point_estimate":-0.004880953749939576,"standard_error":0.0018009000097580553},"median":{"confidence_interval":{"confidence_level":0.95,"lower_bound":-0.00693843725648835,"upper_bound":-0.00584150264830563},"point_estimate":-0.006457254129489387,"standard_error":0.00027323942326797003}}