{"mean":{"confidence_interval":{"confidence_level":0.95,"lower_bound":-0.10818327088573597,"upper_bound":-0.09605306306345825},"point_estimate":-0.10327727284229649,"standard_error":0.0030729816039821284},"median":{"confidence_interval":{"confidence_level":0.95,"lower_bound":-0.11165345159189721,"upper_bound":-0.1029708551238796},"point_estimate":-0.10654388037516405,"standard_error":0.0025922600741826274}}