{"mean":{"confidence_interval":{"confidence_level":0.95,"lower_bound":0.011575979577764933,"upper_bound":0.01799177635905743},"point_estimate":0.015024173308082922,"standard_error":0.0016469699170328718},"median":{"confidence_interval":{"confidence_level":0.95,"lower_bound":0.01606193586978555,"upper_bound":0.017508940310422938},"point_estimate":0.016848398534291542,"standard_error":0.00037978820329591715}}