{"mean":{"confidence_interval":{"confidence_level":0.95,"lower_bound":-0.0034808391086128213,"upper_bound":0.008799431287126252},"point_estimate":0.0016525265573692494,"standard_error":0.0032333256051973332},"median":{"confidence_interval":{"confidence_level":0.95,"lower_bound":0.00009528915819334571,"upper_bound":0.0017430855102111842},"point_estimate":0.0009096687945295834,"standard_error":0.0004139492459953662}}