{"mean":{"confidence_interval":{"confidence_level":0.95,"lower_bound":-0.0088969434811116,"upper_bound":0.001807540268963863},"point_estimate":-0.003526138675653212,"standard_error":0.00272301391111387},"median":{"confidence_interval":{"confidence_level":0.95,"lower_bound":-0.006997286685105575,"upper_bound":-0.005229705798819428},"point_estimate":-0.006167638011068233,"standard_error":0.00041869074706571034}}