{"mean":{"confidence_interval":{"confidence_level":0.95,"lower_bound":0.07282377612146342,"upper_bound":0.079160714945725},"point_estimate":0.07567161998419536,"standard_error":0.0016166238352365503},"median":{"confidence_interval":{"confidence_level":0.95,"lower_bound":0.07392633876133478,"upper_bound":0.07700643970698784},"point_estimate":0.07520454524284559,"standard_error":0.0007948785458694665}}