{"mean":{"confidence_interval":{"confidence_level":0.95,"lower_bound":2025853.4047999992,"upper_bound":2052875.2871800002},"point_estimate":2036097.5131999985,"standard_error":7267.4305848218655},"median":{"confidence_interval":{"confidence_level":0.95,"lower_bound":2025946.92,"upper_bound":2028273.2},"point_estimate":2027130.02,"standard_error":542.4028238203804},"median_abs_dev":{"confidence_interval":{"confidence_level":0.95,"lower_bound":3733.542557716356,"upper_bound":8289.601928830161},"point_estimate":5979.592561841087,"standard_error":1167.0721327486674},"slope":null,"std_dev":{"confidence_interval":{"confidence_level":0.95,"lower_bound":6405.805980470855,"upper_bound":121010.69955064869},"point_estimate":72981.27198088026,"standard_error":33818.10957185882}}