{"mean":{"confidence_interval":{"confidence_level":0.95,"lower_bound":1158326.3698379248,"upper_bound":1188646.9693461491},"point_estimate":1169400.6361909187,"standard_error":8671.820439473602},"median":{"confidence_interval":{"confidence_level":0.95,"lower_bound":1157022.2261904762,"upper_bound":1161762.555137058},"point_estimate":1160003.575,"standard_error":1311.6290659218892},"median_abs_dev":{"confidence_interval":{"confidence_level":0.95,"lower_bound":6222.944668270613,"upper_bound":9936.463650427755},"point_estimate":8442.581547937343,"standard_error":980.7443545122912},"slope":{"confidence_interval":{"confidence_level":0.95,"lower_bound":1158385.742076421,"upper_bound":1167128.0037022047},"point_estimate":1162331.8363558445,"standard_error":2238.134341601235},"std_dev":{"confidence_interval":{"confidence_level":0.95,"lower_bound":8726.812186660281,"upper_bound":147849.0586009052},"point_estimate":87286.57338169152,"standard_error":46333.56481851852}}