{"mean":{"confidence_interval":{"confidence_level":0.95,"lower_bound":2001499.9548000002,"upper_bound":2028697.954399999},"point_estimate":2012902.0104000003,"standard_error":7065.6320925455},"median":{"confidence_interval":{"confidence_level":0.95,"lower_bound":1998251.94,"upper_bound":2001321.48},"point_estimate":1999589.7000000002,"standard_error":741.2498978938836},"median_abs_dev":{"confidence_interval":{"confidence_level":0.95,"lower_bound":6059.0302684307235,"upper_bound":10708.552741885282},"point_estimate":8138.050559520777,"standard_error":1144.2414550709332},"slope":null,"std_dev":{"confidence_interval":{"confidence_level":0.95,"lower_bound":23833.68447736307,"upper_bound":112130.66846847444},"point_estimate":71179.04716220604,"standard_error":25097.85755730791}}