{"mean":{"confidence_interval":{"confidence_level":0.95,"lower_bound":18853409.303333346,"upper_bound":20315470.13333334},"point_estimate":19573952.506666675,"standard_error":373728.3824025902},"median":{"confidence_interval":{"confidence_level":0.95,"lower_bound":17912705.666666664,"upper_bound":20211396.666666664},"point_estimate":19033344.5,"standard_error":569968.3546507043},"median_abs_dev":{"confidence_interval":{"confidence_level":0.95,"lower_bound":3062075.5006372933,"upper_bound":4717493.751847744},"point_estimate":3915379.4908881197,"standard_error":403368.0736831152},"slope":null,"std_dev":{"confidence_interval":{"confidence_level":0.95,"lower_bound":3237569.3378613363,"upper_bound":4224770.056397137},"point_estimate":3767019.8989975457,"standard_error":254139.085250256}}