{"mean":{"confidence_interval":{"confidence_level":0.95,"lower_bound":18064675.985,"upper_bound":19662644.850000005},"point_estimate":18846232.680000003,"standard_error":407316.3194496798},"median":{"confidence_interval":{"confidence_level":0.95,"lower_bound":17363723.333333332,"upper_bound":19561525.666666668},"point_estimate":18633106.333333336,"standard_error":548184.7405571495},"median_abs_dev":{"confidence_interval":{"confidence_level":0.95,"lower_bound":3328602.4979054946,"upper_bound":5091519.872507452},"point_estimate":4187927.326649427,"standard_error":436565.4439405498},"slope":null,"std_dev":{"confidence_interval":{"confidence_level":0.95,"lower_bound":3467993.559382965,"upper_bound":4644110.764640876},"point_estimate":4094294.1343222093,"standard_error":298210.9950875035}}