{"mean":{"confidence_interval":{"confidence_level":0.95,"lower_bound":16705595.659999998,"upper_bound":17962284.863333333},"point_estimate":17323898.090000004,"standard_error":320669.3035235788},"median":{"confidence_interval":{"confidence_level":0.95,"lower_bound":15903345.666666666,"upper_bound":17343018.833333332},"point_estimate":16583036.5,"standard_error":369536.15061659366},"median_abs_dev":{"confidence_interval":{"confidence_level":0.95,"lower_bound":2401762.1975976992,"upper_bound":3925261.0197126875},"point_estimate":3211703.6906808615,"standard_error":409553.85617650487},"slope":null,"std_dev":{"confidence_interval":{"confidence_level":0.95,"lower_bound":2684432.379221504,"upper_bound":3726476.535832078},"point_estimate":3224985.2567241443,"standard_error":266867.410564388}}