{"mean":{"confidence_interval":{"confidence_level":0.95,"lower_bound":19414867.279999994,"upper_bound":20463732.74666667},"point_estimate":19923075.190000005,"standard_error":267836.2588255845},"median":{"confidence_interval":{"confidence_level":0.95,"lower_bound":18445294.0,"upper_bound":20506538.0},"point_estimate":19465868.0,"standard_error":552948.6877179808},"median_abs_dev":{"confidence_interval":{"confidence_level":0.95,"lower_bound":1743356.1976492396,"upper_bound":3226121.172349893},"point_estimate":2614468.190383913,"standard_error":378546.20261675055},"slope":null,"std_dev":{"confidence_interval":{"confidence_level":0.95,"lower_bound":2126837.8088401,"upper_bound":3265474.877397815},"point_estimate":2719979.716134125,"standard_error":292645.8958115888}}