{"mean":{"confidence_interval":{"confidence_level":0.95,"lower_bound":20078119.349999998,"upper_bound":21567147.543333326},"point_estimate":20730908.47999999,"standard_error":380591.3997852335},"median":{"confidence_interval":{"confidence_level":0.95,"lower_bound":19821027.333333332,"upper_bound":20788377.333333336},"point_estimate":20342826.166666668,"standard_error":253737.4459287541},"median_abs_dev":{"confidence_interval":{"confidence_level":0.95,"lower_bound":1433229.6416550893,"upper_bound":3005880.7609349443},"point_estimate":2029185.6581747532,"standard_error":422365.09699787956},"slope":null,"std_dev":{"confidence_interval":{"confidence_level":0.95,"lower_bound":2079111.5319323568,"upper_bound":5787047.040666608},"point_estimate":3850246.0627506184,"standard_error":1149281.716370107}}