{"mean":{"confidence_interval":{"confidence_level":0.95,"lower_bound":899647.9335833336,"upper_bound":1016413.4479999997},"point_estimate":955951.8666666666,"standard_error":29866.58127751696},"median":{"confidence_interval":{"confidence_level":0.95,"lower_bound":744825.6666666667,"upper_bound":946269.3333333333},"point_estimate":819473.0,"standard_error":51935.17877214628},"median_abs_dev":{"confidence_interval":{"confidence_level":0.95,"lower_bound":81825.6809473038,"upper_bound":338520.3902425614},"point_estimate":182813.47235441208,"standard_error":67633.85304587432},"slope":null,"std_dev":{"confidence_interval":{"confidence_level":0.95,"lower_bound":242460.76419837534,"upper_bound":365726.64316491113},"point_estimate":301167.35827067174,"standard_error":32112.37173089535}}