{"mean":{"confidence_interval":{"confidence_level":0.95,"lower_bound":-0.007560593911084221,"upper_bound":0.015388993477127612},"point_estimate":0.0013612016951631833,"standard_error":0.005773131155279951},"median":{"confidence_interval":{"confidence_level":0.95,"lower_bound":-0.006976834594031953,"upper_bound":-0.004120623260885803},"point_estimate":-0.005272530931838548,"standard_error":0.0007139658363870618}}