{"mean":{"confidence_interval":{"confidence_level":0.95,"lower_bound":0.003389572608206428,"upper_bound":0.0268453794901174},"point_estimate":0.012405553023955962,"standard_error":0.006106101758123214},"median":{"confidence_interval":{"confidence_level":0.95,"lower_bound":0.0032368766338861654,"upper_bound":0.006263109642471898},"point_estimate":0.004415290610881195,"standard_error":0.000781521033971167}}