{"mean":{"confidence_interval":{"confidence_level":0.95,"lower_bound":-0.023670344877063532,"upper_bound":0.0007835450780949148},"point_estimate":-0.010401718745850719,"standard_error":0.006273392249782498},"median":{"confidence_interval":{"confidence_level":0.95,"lower_bound":-0.007295288579094561,"upper_bound":-0.00437824427592004},"point_estimate":-0.00633928585810728,"standard_error":0.0007573555503447347}}