{"mean":{"confidence_interval":{"confidence_level":0.95,"lower_bound":0.21806812170654566,"upper_bound":0.23413178317170827},"point_estimate":0.22666991682885929,"standard_error":0.004060991509967577},"median":{"confidence_interval":{"confidence_level":0.95,"lower_bound":0.22746940071399835,"upper_bound":0.2320618105457941},"point_estimate":0.2297499740228881,"standard_error":0.00116686497605793}}