{"mean":{"confidence_interval":{"confidence_level":0.95,"lower_bound":-0.06308706978031105,"upper_bound":0.05427927976123692},"point_estimate":-0.0051484199800835295,"standard_error":0.029917579022474602},"median":{"confidence_interval":{"confidence_level":0.95,"lower_bound":-0.040233602577882895,"upper_bound":0.03521247785948112},"point_estimate":0.0016463725909909854,"standard_error":0.019343250559592635}}