{"mean":{"confidence_interval":{"confidence_level":0.95,"lower_bound":-0.10977009707519686,"upper_bound":0.014729454400191697},"point_estimate":-0.04884577136094259,"standard_error":0.03170355347537867},"median":{"confidence_interval":{"confidence_level":0.95,"lower_bound":-0.05696991997782608,"upper_bound":0.026311987402162673},"point_estimate":-0.020261951952282087,"standard_error":0.02219295440098703}}