{"mean":{"confidence_interval":{"confidence_level":0.95,"lower_bound":-0.06776202053288156,"upper_bound":0.06088023619829753},"point_estimate":-0.006601171443380682,"standard_error":0.032557993614983266},"median":{"confidence_interval":{"confidence_level":0.95,"lower_bound":-0.04343310849893767,"upper_bound":0.03964007798916924},"point_estimate":-0.008075164748204577,"standard_error":0.020706089868708328}}