{"mean":{"confidence_interval":{"confidence_level":0.95,"lower_bound":-0.4603254568842386,"upper_bound":-0.43282788287902346},"point_estimate":-0.4476735096101985,"standard_error":0.006923040074021736},"median":{"confidence_interval":{"confidence_level":0.95,"lower_bound":-0.464626699409486,"upper_bound":-0.4452273600814868},"point_estimate":-0.45211823266102635,"standard_error":0.004653025999555618}}