{"mean":{"confidence_interval":{"confidence_level":0.95,"lower_bound":-0.043459514789131286,"upper_bound":-0.014971629987324502},"point_estimate":-0.029238155469683558,"standard_error":0.007272619057840863},"median":{"confidence_interval":{"confidence_level":0.95,"lower_bound":-0.037394052164754776,"upper_bound":-0.0015203512524503138},"point_estimate":-0.02171363952822014,"standard_error":0.008719393750249676}}