{"mean":{"confidence_interval":{"confidence_level":0.95,"lower_bound":-0.20160058124297509,"upper_bound":-0.177332081915178},"point_estimate":-0.1898887878163621,"standard_error":0.006008251715788346},"median":{"confidence_interval":{"confidence_level":0.95,"lower_bound":-0.21726576614667503,"upper_bound":-0.2056463858346601},"point_estimate":-0.21254670664878905,"standard_error":0.0030411770650441146}}