{"mean":{"confidence_interval":{"confidence_level":0.95,"lower_bound":0.022182319150453444,"upper_bound":0.058855268186386124},"point_estimate":0.041095470009888224,"standard_error":0.009368875825591445},"median":{"confidence_interval":{"confidence_level":0.95,"lower_bound":0.02200366577187045,"upper_bound":0.055359378472628284},"point_estimate":0.034107092316987275,"standard_error":0.007885513137034061}}