{"mean":{"confidence_interval":{"confidence_level":0.95,"lower_bound":-0.3839764808875821,"upper_bound":-0.3119307133896164},"point_estimate":-0.34895085811744886,"standard_error":0.018347761344414945},"median":{"confidence_interval":{"confidence_level":0.95,"lower_bound":-0.3954401513641264,"upper_bound":-0.32533250580132145},"point_estimate":-0.39012468279580614,"standard_error":0.017404750937114775}}