{"mean":{"confidence_interval":{"confidence_level":0.95,"lower_bound":-0.11104868548833698,"upper_bound":-0.06394214390737017},"point_estimate":-0.08677367009471693,"standard_error":0.012034471779796312},"median":{"confidence_interval":{"confidence_level":0.95,"lower_bound":-0.043991747234518264,"upper_bound":-0.014345406478031064},"point_estimate":-0.02714985823605076,"standard_error":0.008116993742414574}}