{"mean":{"confidence_interval":{"confidence_level":0.95,"lower_bound":-0.07356855771960201,"upper_bound":-0.00981281469380168},"point_estimate":-0.04711143401594531,"standard_error":0.01572815277869035},"median":{"confidence_interval":{"confidence_level":0.95,"lower_bound":-0.06511355864753887,"upper_bound":-0.02879920289018656},"point_estimate":-0.03830002953608924,"standard_error":0.008828534691282586}}