{"mean":{"confidence_interval":{"confidence_level":0.95,"lower_bound":-0.10304228075633119,"upper_bound":0.07042141588750489},"point_estimate":-0.01816405518621933,"standard_error":0.044355947880121475},"median":{"confidence_interval":{"confidence_level":0.95,"lower_bound":-0.0044780387416469905,"upper_bound":0.010394386305790322},"point_estimate":0.0043701342098065865,"standard_error":0.00372787101166292}}