{"mean":{"confidence_interval":{"confidence_level":0.95,"lower_bound":-0.01640783534256795,"upper_bound":0.08175735886590352},"point_estimate":0.031632857732814434,"standard_error":0.02501341397020586},"median":{"confidence_interval":{"confidence_level":0.95,"lower_bound":0.028035645787382046,"upper_bound":0.18979602297598624},"point_estimate":0.10186571607699668,"standard_error":0.041726050522865904}}