{"mean":{"confidence_interval":{"confidence_level":0.95,"lower_bound":-0.005229391029947218,"upper_bound":0.11862931333097369},"point_estimate":0.053623985105797356,"standard_error":0.031828754984901717},"median":{"confidence_interval":{"confidence_level":0.95,"lower_bound":-0.004902246586178771,"upper_bound":0.0036271548045700985},"point_estimate":-0.000593711566652444,"standard_error":0.002139174496829699}}