{"mean":{"confidence_interval":{"confidence_level":0.95,"lower_bound":-0.20649519587383133,"upper_bound":-0.08322628098167723},"point_estimate":-0.1519520038194907,"standard_error":0.030200621468999215},"median":{"confidence_interval":{"confidence_level":0.95,"lower_bound":-0.23904238360090813,"upper_bound":-0.21636697055865195},"point_estimate":-0.22943666618625647,"standard_error":0.0058201740441526165}}