{"mean":{"confidence_interval":{"confidence_level":0.95,"lower_bound":-0.6056551732307943,"upper_bound":-0.5700481250396114},"point_estimate":-0.5887037343105159,"standard_error":0.008933954397670071},"median":{"confidence_interval":{"confidence_level":0.95,"lower_bound":-0.6417527699008327,"upper_bound":-0.5889813571347637},"point_estimate":-0.6131247876495609,"standard_error":0.013463643427522237}}