{"mean":{"confidence_interval":{"confidence_level":0.95,"lower_bound":-0.045835189705120793,"upper_bound":-0.0042864812537702695},"point_estimate":-0.024708946856790925,"standard_error":0.010555951297115175},"median":{"confidence_interval":{"confidence_level":0.95,"lower_bound":-0.007805558759691911,"upper_bound":0.03215849029986528},"point_estimate":0.02226235280306965,"standard_error":0.010192628127848198}}