{"mean":{"confidence_interval":{"confidence_level":0.95,"lower_bound":-0.14423636030320666,"upper_bound":-0.012191930824997928},"point_estimate":-0.07863219525270715,"standard_error":0.033719260398206184},"median":{"confidence_interval":{"confidence_level":0.95,"lower_bound":-0.012324090212414762,"upper_bound":0.02602751395973124},"point_estimate":-0.0013640523657862946,"standard_error":0.010088676329037243}}