{"mean":{"confidence_interval":{"confidence_level":0.95,"lower_bound":0.3486627781297776,"upper_bound":0.4301820280894671},"point_estimate":0.39454949009844875,"standard_error":0.0210590580793613},"median":{"confidence_interval":{"confidence_level":0.95,"lower_bound":0.40823541453207085,"upper_bound":0.4459088184829785},"point_estimate":0.4211743054755772,"standard_error":0.00947320476942294}}