{"mean":{"confidence_interval":{"confidence_level":0.95,"lower_bound":-0.048342281487845945,"upper_bound":0.06942141971200348},"point_estimate":0.009105068365889757,"standard_error":0.03010823456812045},"median":{"confidence_interval":{"confidence_level":0.95,"lower_bound":-0.0620225305088129,"upper_bound":-0.04828425080164289},"point_estimate":-0.057163976312055165,"standard_error":0.003603720769794497}}