{"mean":{"confidence_interval":{"confidence_level":0.95,"lower_bound":-0.3053045166391281,"upper_bound":-0.20993301939464415},"point_estimate":-0.2593531279797978,"standard_error":0.024272703430090168},"median":{"confidence_interval":{"confidence_level":0.95,"lower_bound":-0.3767982816100761,"upper_bound":-0.31764215008184216},"point_estimate":-0.34286059129501945,"standard_error":0.015012993570784264}}