{"mean":{"confidence_interval":{"confidence_level":0.95,"lower_bound":-0.07566957390021525,"upper_bound":0.10350742072491577},"point_estimate":0.010246177137471557,"standard_error":0.045517158184508806},"median":{"confidence_interval":{"confidence_level":0.95,"lower_bound":-0.18980401153758159,"upper_bound":0.24240119022710638},"point_estimate":0.005403990309513551,"standard_error":0.13054417959462655}}