{"mean":{"confidence_interval":{"confidence_level":0.95,"lower_bound":1.2896993896899267,"upper_bound":1.6675758157930511},"point_estimate":1.4823014041145246,"standard_error":0.09653992629834451},"median":{"confidence_interval":{"confidence_level":0.95,"lower_bound":0.6882401312262492,"upper_bound":1.6785916915658454},"point_estimate":1.2394874721127538,"standard_error":0.28265757541356096}}