{"mean":{"confidence_interval":{"confidence_level":0.95,"lower_bound":-0.12604135897085256,"upper_bound":0.0013714069475801991},"point_estimate":-0.06303331736975404,"standard_error":0.03254619559184025},"median":{"confidence_interval":{"confidence_level":0.95,"lower_bound":-0.05078212752040501,"upper_bound":0.01669873449334691},"point_estimate":-0.020816862481200293,"standard_error":0.01566112918530694}}