{"mean":{"confidence_interval":{"confidence_level":0.95,"lower_bound":-0.01557544664478839,"upper_bound":0.1478960902930458},"point_estimate":0.06433216414063447,"standard_error":0.04168202236424945},"median":{"confidence_interval":{"confidence_level":0.95,"lower_bound":0.13424532199186953,"upper_bound":0.35226509248694504},"point_estimate":0.2754494060369046,"standard_error":0.05587218210186781}}