{"mean":{"confidence_interval":{"confidence_level":0.95,"lower_bound":-0.030684700137627766,"upper_bound":-0.01603162904583568},"point_estimate":-0.022402024349472027,"standard_error":0.003769608946274154},"median":{"confidence_interval":{"confidence_level":0.95,"lower_bound":-0.018673802082208923,"upper_bound":-0.015206206484632667},"point_estimate":-0.0173879235957356,"standard_error":0.000896645870270551}}