{"mean":{"confidence_interval":{"confidence_level":0.95,"lower_bound":-0.011422474105098503,"upper_bound":0.0038897383089565407},"point_estimate":-0.004310786921419729,"standard_error":0.003946629671140488},"median":{"confidence_interval":{"confidence_level":0.95,"lower_bound":-0.009282132064328805,"upper_bound":-0.005040308124908521},"point_estimate":-0.006337468974658256,"standard_error":0.0010786041516926722}}