{"mean":{"confidence_interval":{"confidence_level":0.95,"lower_bound":0.010735961282861878,"upper_bound":0.020858909479367208},"point_estimate":0.01508087214329823,"standard_error":0.0025832411039340085},"median":{"confidence_interval":{"confidence_level":0.95,"lower_bound":0.01124725090919163,"upper_bound":0.012808334238879615},"point_estimate":0.01200821499929594,"standard_error":0.0003748044370917232}}