{"mean":{"confidence_interval":{"confidence_level":0.95,"lower_bound":-0.4361418243718797,"upper_bound":-0.4318487230239325},"point_estimate":-0.43418165542263076,"standard_error":0.0010699308271400693},"median":{"confidence_interval":{"confidence_level":0.95,"lower_bound":-0.43533002739209603,"upper_bound":-0.433879734489958},"point_estimate":-0.4345493879134068,"standard_error":0.00036143425149732004}}