{"mean":{"confidence_interval":{"confidence_level":0.95,"lower_bound":0.013111523490135052,"upper_bound":0.02100321188147383},"point_estimate":0.017053688408995127,"standard_error":0.0020195711645084108},"median":{"confidence_interval":{"confidence_level":0.95,"lower_bound":0.01347611055960063,"upper_bound":0.016922968918013925},"point_estimate":0.014543706038348647,"standard_error":0.0008884776087354416}}