{"mean":{"confidence_interval":{"confidence_level":0.95,"lower_bound":-0.010429761019599915,"upper_bound":0.0029315056245671177},"point_estimate":-0.0042875686547233505,"standard_error":0.0033843542094937683},"median":{"confidence_interval":{"confidence_level":0.95,"lower_bound":-0.006207303967484035,"upper_bound":-0.004555709786394477},"point_estimate":-0.005526660090512614,"standard_error":0.0004309939953251209}}