{"mean":{"confidence_interval":{"confidence_level":0.95,"lower_bound":-0.018464357641507598,"upper_bound":-0.009254921531117033},"point_estimate":-0.013656676055691097,"standard_error":0.0023369033465642},"median":{"confidence_interval":{"confidence_level":0.95,"lower_bound":-0.022500019376760348,"upper_bound":-0.0011918320746883149},"point_estimate":-0.0032507510842125775,"standard_error":0.008398395538221122}}