{"mean":{"confidence_interval":{"confidence_level":0.95,"lower_bound":2.9915079062181658,"upper_bound":3.073810996024307},"point_estimate":3.0277464520698905,"standard_error":0.020521980755341927},"median":{"confidence_interval":{"confidence_level":0.95,"lower_bound":3.0018233317403604,"upper_bound":3.007977374910981},"point_estimate":3.005349503939593,"standard_error":0.00155401474071265}}