{"mean":{"confidence_interval":{"confidence_level":0.95,"lower_bound":13543.864303792214,"upper_bound":14512.467496204432},"point_estimate":14016.765403507061,"standard_error":247.569073206426},"median":{"confidence_interval":{"confidence_level":0.95,"lower_bound":12607.43112633181,"upper_bound":14426.811723478815},"point_estimate":13486.339098152384,"standard_error":450.19167532814987},"median_abs_dev":{"confidence_interval":{"confidence_level":0.95,"lower_bound":1639.0826821477608,"upper_bound":3097.968601663544},"point_estimate":2339.469618237222,"standard_error":337.8722623141653},"slope":{"confidence_interval":{"confidence_level":0.95,"lower_bound":12907.513004482238,"upper_bound":13843.682578152311},"point_estimate":13358.38861825418,"standard_error":239.48463543029888},"std_dev":{"confidence_interval":{"confidence_level":0.95,"lower_bound":2103.715116291772,"upper_bound":2838.5837170257037},"point_estimate":2492.3469345470253,"standard_error":188.39717912566772}}