{"mean":{"confidence_interval":{"confidence_level":0.95,"lower_bound":-0.034124561323156166,"upper_bound":0.051885900001729754},"point_estimate":0.00946798875446797,"standard_error":0.021919766462246},"median":{"confidence_interval":{"confidence_level":0.95,"lower_bound":-0.03022258253013166,"upper_bound":0.054720331399301214},"point_estimate":0.0133129201013229,"standard_error":0.02131565709234528}}