{"mean":{"confidence_interval":{"confidence_level":0.95,"lower_bound":-0.09517992626153449,"upper_bound":-0.009846103952489886},"point_estimate":-0.051739083204223935,"standard_error":0.021748427764431765},"median":{"confidence_interval":{"confidence_level":0.95,"lower_bound":-0.03320597026430183,"upper_bound":0.010701617604746971},"point_estimate":-0.013254545575308807,"standard_error":0.011763748149601126}}