{"mean":{"confidence_interval":{"confidence_level":0.95,"lower_bound":6901.380435383849,"upper_bound":7244.696624591977},"point_estimate":7071.10242946693,"standard_error":87.57037040420788},"median":{"confidence_interval":{"confidence_level":0.95,"lower_bound":6594.055071428572,"upper_bound":7490.440977443609},"point_estimate":6956.339126984127,"standard_error":275.59529943915726},"median_abs_dev":{"confidence_interval":{"confidence_level":0.95,"lower_bound":805.137550317364,"upper_bound":1232.0751294886538},"point_estimate":1099.061768639268,"standard_error":102.96136184838555},"slope":{"confidence_interval":{"confidence_level":0.95,"lower_bound":6820.936583941138,"upper_bound":7198.358949250126},"point_estimate":7002.837897253478,"standard_error":96.36048379361051},"std_dev":{"confidence_interval":{"confidence_level":0.95,"lower_bound":777.9020060426728,"upper_bound":967.6293387544813},"point_estimate":876.3255395033028,"standard_error":48.560533420501706}}