{"mean":{"confidence_interval":{"confidence_level":0.95,"lower_bound":14570.414253051193,"upper_bound":14682.095234404753},"point_estimate":14613.926922503408,"standard_error":29.594454254224384},"median":{"confidence_interval":{"confidence_level":0.95,"lower_bound":14553.969244685662,"upper_bound":14565.519071310116},"point_estimate":14558.60848880597,"standard_error":3.087070425979518},"median_abs_dev":{"confidence_interval":{"confidence_level":0.95,"lower_bound":17.21553045555724,"upper_bound":32.10990596419329},"point_estimate":23.350027063927115,"standard_error":3.830558239024834},"slope":{"confidence_interval":{"confidence_level":0.95,"lower_bound":14565.16735958554,"upper_bound":14676.367418699954},"point_estimate":14609.890794527437,"standard_error":29.43383731042099},"std_dev":{"confidence_interval":{"confidence_level":0.95,"lower_bound":57.79309849457145,"upper_bound":491.02128836704384},"point_estimate":297.74964136527603,"standard_error":132.5320756104704}}