{"mean":{"confidence_interval":{"confidence_level":0.95,"lower_bound":21957472.1925,"upper_bound":24893085.340333328},"point_estimate":23295455.353333324,"standard_error":747368.6162977294},"median":{"confidence_interval":{"confidence_level":0.95,"lower_bound":21067184.5,"upper_bound":24677199.666666668},"point_estimate":21257717.333333336,"standard_error":1031320.7883231379},"median_abs_dev":{"confidence_interval":{"confidence_level":0.95,"lower_bound":6263905.816793438,"upper_bound":9305774.962389467},"point_estimate":8153149.357652667,"standard_error":621319.449084793},"slope":null,"std_dev":{"confidence_interval":{"confidence_level":0.95,"lower_bound":4990091.178785943,"upper_bound":10611520.780029295},"point_estimate":7478424.051266824,"standard_error":1762441.996504281}}