{"mean":{"confidence_interval":{"confidence_level":0.95,"lower_bound":34685538.867,"upper_bound":40696278.645},"point_estimate":37521461.205,"standard_error":1535915.8910623656},"median":{"confidence_interval":{"confidence_level":0.95,"lower_bound":29867714.0,"upper_bound":35710258.5},"point_estimate":30203358.5,"standard_error":1507247.7290602685},"median_abs_dev":{"confidence_interval":{"confidence_level":0.95,"lower_bound":772620.281933248,"upper_bound":9644995.167618344},"point_estimate":6461894.564728439,"standard_error":2733277.6105747805},"slope":null,"std_dev":{"confidence_interval":{"confidence_level":0.95,"lower_bound":10336992.918884432,"upper_bound":19605239.473317266},"point_estimate":15455590.325831102,"standard_error":2360313.732210103}}