{"mean":{"confidence_interval":{"confidence_level":0.95,"lower_bound":16904787.206083335,"upper_bound":17386035.179416668},"point_estimate":17131016.359999992,"standard_error":122580.44583479247},"median":{"confidence_interval":{"confidence_level":0.95,"lower_bound":16673462.666666666,"upper_bound":16725986.833333334},"point_estimate":16698641.333333334,"standard_error":14981.574739400668},"median_abs_dev":{"confidence_interval":{"confidence_level":0.95,"lower_bound":126050.64976215086,"upper_bound":248439.52468931305},"point_estimate":194676.24894380663,"standard_error":30665.60128019793},"slope":null,"std_dev":{"confidence_interval":{"confidence_level":0.95,"lower_bound":924795.5025657272,"upper_bound":1501838.3051585294},"point_estimate":1237326.0126934017,"standard_error":147460.37651363426}}