{"mean":{"confidence_interval":{"confidence_level":0.95,"lower_bound":13542026.3525625,"upper_bound":13941746.293375},"point_estimate":13730773.6025,"standard_error":102091.22643192965},"median":{"confidence_interval":{"confidence_level":0.95,"lower_bound":13316116.25,"upper_bound":13380213.0},"point_estimate":13337183.5,"standard_error":16930.712400763343},"median_abs_dev":{"confidence_interval":{"confidence_level":0.95,"lower_bound":101301.79372653365,"upper_bound":227693.44148263335},"point_estimate":147493.30785647035,"standard_error":29937.112170154887},"slope":null,"std_dev":{"confidence_interval":{"confidence_level":0.95,"lower_bound":718300.794173239,"upper_bound":1302359.0781005442},"point_estimate":1029101.7956493718,"standard_error":149469.38290286626}}