{"mean":{"confidence_interval":{"confidence_level":0.95,"lower_bound":17567195.313666668,"upper_bound":17946041.122916672},"point_estimate":17710500.773333333,"standard_error":104760.5947953457},"median":{"confidence_interval":{"confidence_level":0.95,"lower_bound":17653820.333333332,"upper_bound":17742896.0},"point_estimate":17718638.666666668,"standard_error":25021.406017235488},"median_abs_dev":{"confidence_interval":{"confidence_level":0.95,"lower_bound":104018.69524329723,"upper_bound":304039.2476022262},"point_estimate":182314.82456326392,"standard_error":55097.63873934052},"slope":null,"std_dev":{"confidence_interval":{"confidence_level":0.95,"lower_bound":243633.98157494707,"upper_bound":1774162.3625024147},"point_estimate":1054827.385911698,"standard_error":529216.0184698116}}