{"mean":{"confidence_interval":{"confidence_level":0.95,"lower_bound":-0.27792328514983006,"upper_bound":-0.20074850555355958},"point_estimate":-0.24197338762740594,"standard_error":0.01971077285016972},"median":{"confidence_interval":{"confidence_level":0.95,"lower_bound":-0.3464655011738358,"upper_bound":-0.2803421303559834},"point_estimate":-0.34211835737212726,"standard_error":0.017832338222341072}}