{"mean":{"confidence_interval":{"confidence_level":0.95,"lower_bound":0.03881521431046658,"upper_bound":0.09370175349903713},"point_estimate":0.06508832322966929,"standard_error":0.01336336830988582},"median":{"confidence_interval":{"confidence_level":0.95,"lower_bound":-0.007521077835956236,"upper_bound":0.013228801535554668},"point_estimate":0.0005120937634635059,"standard_error":0.006179892976622544}}