{"mean":{"confidence_interval":{"confidence_level":0.95,"lower_bound":-0.058566849295280686,"upper_bound":0.01639559729388947},"point_estimate":-0.02343987717902718,"standard_error":0.019123061462991912},"median":{"confidence_interval":{"confidence_level":0.95,"lower_bound":-0.10498958046150109,"upper_bound":0.02586057595354152},"point_estimate":0.012167099101104473,"standard_error":0.03697968085265888}}