{"mean":{"confidence_interval":{"confidence_level":0.95,"lower_bound":-0.1202692101357462,"upper_bound":-0.08141602711304798},"point_estimate":-0.10323326191953863,"standard_error":0.01043738285896327},"median":{"confidence_interval":{"confidence_level":0.95,"lower_bound":-0.12522093447813365,"upper_bound":-0.12039912736561509},"point_estimate":-0.12348308121809859,"standard_error":0.0012728355628124854}}