{"mean":{"confidence_interval":{"confidence_level":0.95,"lower_bound":-0.051882092438939605,"upper_bound":0.05986719348457859},"point_estimate":-0.000885265796288004,"standard_error":0.02837312095973661},"median":{"confidence_interval":{"confidence_level":0.95,"lower_bound":-0.07762989877892312,"upper_bound":0.015465756662137224},"point_estimate":-0.03580931764597994,"standard_error":0.026586228753006445}}