{"mean":{"confidence_interval":{"confidence_level":0.95,"lower_bound":-0.13691942073943436,"upper_bound":-0.08514691996608974},"point_estimate":-0.11112932663578179,"standard_error":0.013177314241951616},"median":{"confidence_interval":{"confidence_level":0.95,"lower_bound":-0.1372767676399782,"upper_bound":-0.11045331448917084},"point_estimate":-0.12109184652667926,"standard_error":0.008201356461227018}}