{"mean":{"confidence_interval":{"confidence_level":0.95,"lower_bound":0.14279195594719626,"upper_bound":0.304549578924132},"point_estimate":0.2146357720920462,"standard_error":0.041537041449131666},"median":{"confidence_interval":{"confidence_level":0.95,"lower_bound":0.159164395713002,"upper_bound":0.3543704431759578},"point_estimate":0.1734444701016038,"standard_error":0.05477253516467147}}