{"mean":{"confidence_interval":{"confidence_level":0.95,"lower_bound":0.017455107118715976,"upper_bound":0.14461357389427995},"point_estimate":0.0849244049172111,"standard_error":0.03362848935690025},"median":{"confidence_interval":{"confidence_level":0.95,"lower_bound":-0.03789358174684354,"upper_bound":-0.028829287059947917},"point_estimate":-0.03317856758166593,"standard_error":0.0022809606711250725}}