{"mean":{"confidence_interval":{"confidence_level":0.95,"lower_bound":-0.04682055628725909,"upper_bound":-0.012937787602277723},"point_estimate":-0.030622355755015818,"standard_error":0.008664480558077826},"median":{"confidence_interval":{"confidence_level":0.95,"lower_bound":-0.04378679164404231,"upper_bound":-0.03812806310426453},"point_estimate":-0.04167257701661642,"standard_error":0.0014734051259934974}}