{"mean":{"confidence_interval":{"confidence_level":0.95,"lower_bound":-0.13826106282988365,"upper_bound":0.044646244335826514},"point_estimate":-0.05077163092321535,"standard_error":0.04679834182513844},"median":{"confidence_interval":{"confidence_level":0.95,"lower_bound":0.13462258739184918,"upper_bound":0.37068983838316205},"point_estimate":0.3526217787998642,"standard_error":0.06507663591639937}}