{"mean":{"confidence_interval":{"confidence_level":0.95,"lower_bound":-0.3131875361817027,"upper_bound":-0.27512647761591885},"point_estimate":-0.29243110425568464,"standard_error":0.009722671762564252},"median":{"confidence_interval":{"confidence_level":0.95,"lower_bound":-0.2938108129143556,"upper_bound":-0.2896180870391196},"point_estimate":-0.29117104162736884,"standard_error":0.001091379443337676}}