{"mean":{"confidence_interval":{"confidence_level":0.95,"lower_bound":-0.42557854877802076,"upper_bound":-0.3691425701562463},"point_estimate":-0.39482924287701004,"standard_error":0.014496479881183025},"median":{"confidence_interval":{"confidence_level":0.95,"lower_bound":-0.39306926131275755,"upper_bound":-0.38357003045294547},"point_estimate":-0.38759338658588605,"standard_error":0.0022297494517643517}}