{"mean":{"confidence_interval":{"confidence_level":0.95,"lower_bound":-0.049924552752287576,"upper_bound":-0.03772813168449121},"point_estimate":-0.044583497685680484,"standard_error":0.003075462145209601},"median":{"confidence_interval":{"confidence_level":0.95,"lower_bound":-0.04730158193408518,"upper_bound":-0.045657654569015715},"point_estimate":-0.04632193113080241,"standard_error":0.0004183624537643079}}