{"mean":{"confidence_interval":{"confidence_level":0.95,"lower_bound":-0.016042899867173572,"upper_bound":-0.008160217605404934},"point_estimate":-0.012102642999707314,"standard_error":0.0020032652701809325},"median":{"confidence_interval":{"confidence_level":0.95,"lower_bound":-0.01222619281252435,"upper_bound":-0.011104818230386277},"point_estimate":-0.011682458321861544,"standard_error":0.00028951615404715386}}