{"mean":{"confidence_interval":{"confidence_level":0.95,"lower_bound":0.09705586433694025,"upper_bound":0.11055968995791185},"point_estimate":0.10427518724956686,"standard_error":0.0034125212434800703},"median":{"confidence_interval":{"confidence_level":0.95,"lower_bound":0.10513468059236532,"upper_bound":0.1125851783461378},"point_estimate":0.10975045042691489,"standard_error":0.0020927868713912}}