{"mean":{"confidence_interval":{"confidence_level":0.95,"lower_bound":0.006934614678468909,"upper_bound":0.014086499376744221},"point_estimate":0.010375110475867588,"standard_error":0.0018341043812525727},"median":{"confidence_interval":{"confidence_level":0.95,"lower_bound":0.006595522513217872,"upper_bound":0.008365535153817319},"point_estimate":0.0072515025813828515,"standard_error":0.0004638143319928676}}