{"mean":{"confidence_interval":{"confidence_level":0.95,"lower_bound":-0.027671740643312886,"upper_bound":-0.01926574249702629},"point_estimate":-0.023667005228626747,"standard_error":0.002121882766412446},"median":{"confidence_interval":{"confidence_level":0.95,"lower_bound":-0.024651505622112824,"upper_bound":-0.02357168201028259},"point_estimate":-0.024009225960889724,"standard_error":0.0002660215885485284}}