{"mean":{"confidence_interval":{"confidence_level":0.95,"lower_bound":-0.015477405323362363,"upper_bound":-0.0035643958217483345},"point_estimate":-0.00878798563082872,"standard_error":0.0030651570167856096},"median":{"confidence_interval":{"confidence_level":0.95,"lower_bound":-0.012642043179435262,"upper_bound":0.0005733401402436833},"point_estimate":-0.005786739755120118,"standard_error":0.0036884361890442323}}