{"mean":{"confidence_interval":{"confidence_level":0.95,"lower_bound":-0.022609463195527185,"upper_bound":-0.012775852645895536},"point_estimate":-0.01755398674604791,"standard_error":0.0024695072513828257},"median":{"confidence_interval":{"confidence_level":0.95,"lower_bound":-0.017160467961854442,"upper_bound":-0.015973883396934507},"point_estimate":-0.01645275608950003,"standard_error":0.0003118859594060812}}