{"mean":{"confidence_interval":{"confidence_level":0.95,"lower_bound":-0.017896199770722227,"upper_bound":-0.01110812782740223},"point_estimate":-0.01459329261196185,"standard_error":0.001704479924079702},"median":{"confidence_interval":{"confidence_level":0.95,"lower_bound":-0.015703427885123133,"upper_bound":-0.014627814227798375},"point_estimate":-0.015262267309471,"standard_error":0.000260397722206361}}