{"mean":{"confidence_interval":{"confidence_level":0.95,"lower_bound":-0.1420301223276851,"upper_bound":-0.13132810065631403},"point_estimate":-0.13695045140793605,"standard_error":0.002708614454632425},"median":{"confidence_interval":{"confidence_level":0.95,"lower_bound":-0.14253898150644273,"upper_bound":-0.13374912698190233},"point_estimate":-0.13936108578843498,"standard_error":0.002644868354797444}}