{"mean":{"confidence_interval":{"confidence_level":0.95,"lower_bound":-0.0049661599745503505,"upper_bound":0.007148410792351541},"point_estimate":0.002013680653458083,"standard_error":0.003122076747626859},"median":{"confidence_interval":{"confidence_level":0.95,"lower_bound":0.004090432354920944,"upper_bound":0.005529112475300302},"point_estimate":0.004736468179248998,"standard_error":0.0003857546543681532}}