{"mean":{"confidence_interval":{"confidence_level":0.95,"lower_bound":0.01925086985231053,"upper_bound":0.02694016381046218},"point_estimate":0.023421447579892396,"standard_error":0.0019416812829719811},"median":{"confidence_interval":{"confidence_level":0.95,"lower_bound":0.024163357268296437,"upper_bound":0.025246323290977705},"point_estimate":0.024854174111544225,"standard_error":0.0002874366942867606}}