{"mean":{"confidence_interval":{"confidence_level":0.95,"lower_bound":-0.9967716325456448,"upper_bound":-0.9967328023604243},"point_estimate":-0.9967524948406665,"standard_error":9.973216029189902e-6},"median":{"confidence_interval":{"confidence_level":0.95,"lower_bound":-0.9967669866280717,"upper_bound":-0.9967617681054338},"point_estimate":-0.9967647084450314,"standard_error":1.2707186476744626e-6}}