{"mean":{"confidence_interval":{"confidence_level":0.95,"lower_bound":295.86253895586697,"upper_bound":299.77451066488237},"point_estimate":297.812225541059,"standard_error":0.9998732979546004},"median":{"confidence_interval":{"confidence_level":0.95,"lower_bound":299.02591684114935,"upper_bound":299.46836720872204},"point_estimate":299.2531047802696,"standard_error":0.11125903109704312}}