{"mean":{"confidence_interval":{"confidence_level":0.95,"lower_bound":0.0010262194989392138,"upper_bound":0.08809304083839886},"point_estimate":0.03978246958540077,"standard_error":0.021598673890457},"median":{"confidence_interval":{"confidence_level":0.95,"lower_bound":-0.021710704007168458,"upper_bound":0.0699272684038094},"point_estimate":0.0105370110666414,"standard_error":0.02466371185487575}}