{"mean":{"confidence_interval":{"confidence_level":0.95,"lower_bound":1.144399399524201,"upper_bound":1.3800765449785755},"point_estimate":1.2561947015720198,"standard_error":0.0601721283523952},"median":{"confidence_interval":{"confidence_level":0.95,"lower_bound":1.0751639524240408,"upper_bound":1.3393207390810238},"point_estimate":1.217511142972958,"standard_error":0.06921984475788978}}