{"mean":{"confidence_interval":{"confidence_level":0.95,"lower_bound":-0.13956640465191872,"upper_bound":-0.026666063071743656},"point_estimate":-0.08335575760129166,"standard_error":0.02864116622649101},"median":{"confidence_interval":{"confidence_level":0.95,"lower_bound":-0.1258088160101302,"upper_bound":0.013366559432050925},"point_estimate":-0.04359370944927987,"standard_error":0.03606218123414562}}