{"mean":{"confidence_interval":{"confidence_level":0.95,"lower_bound":-0.07533245849041711,"upper_bound":0.0008255592817625804},"point_estimate":-0.036705151467697705,"standard_error":0.019505546077825217},"median":{"confidence_interval":{"confidence_level":0.95,"lower_bound":-0.05255045865440999,"upper_bound":0.061234016313465034},"point_estimate":-0.00045852495778297975,"standard_error":0.02888086333963325}}