{"mean":{"confidence_interval":{"confidence_level":0.95,"lower_bound":-0.13648274260396032,"upper_bound":-0.028486570143155122},"point_estimate":-0.08412460625066653,"standard_error":0.02753910201562371},"median":{"confidence_interval":{"confidence_level":0.95,"lower_bound":-0.11910359207437804,"upper_bound":0.02535619501813091},"point_estimate":-0.045825291491859765,"standard_error":0.035656397047174083}}