{"mean":{"confidence_interval":{"confidence_level":0.95,"lower_bound":-0.0018844959928332329,"upper_bound":0.12078963437693388},"point_estimate":0.0523337267660704,"standard_error":0.03167108621584904},"median":{"confidence_interval":{"confidence_level":0.95,"lower_bound":-0.07182767007391024,"upper_bound":0.09118133416518837},"point_estimate":0.019918505560604816,"standard_error":0.042406595278413624}}