{"mean":{"confidence_interval":{"confidence_level":0.95,"lower_bound":-0.029931096027125553,"upper_bound":0.06386456483552949},"point_estimate":0.017767099450950896,"standard_error":0.023987019369709893},"median":{"confidence_interval":{"confidence_level":0.95,"lower_bound":-0.06265832520182889,"upper_bound":0.11416093533084415},"point_estimate":0.003276269511163221,"standard_error":0.04706197836509442}}