{"mean":{"confidence_interval":{"confidence_level":0.95,"lower_bound":-0.13290389871726319,"upper_bound":-0.030207484937384788},"point_estimate":-0.08077659953840699,"standard_error":0.026312712934505832},"median":{"confidence_interval":{"confidence_level":0.95,"lower_bound":-0.16382393115182062,"upper_bound":-0.03321773511048354},"point_estimate":-0.11002297720299614,"standard_error":0.0332254694276693}}