{"mean":{"confidence_interval":{"confidence_level":0.95,"lower_bound":-0.07192940193131708,"upper_bound":0.04337687992796929},"point_estimate":-0.012796373760772917,"standard_error":0.02948805076724477},"median":{"confidence_interval":{"confidence_level":0.95,"lower_bound":-0.05484324521895223,"upper_bound":0.08704463644779392},"point_estimate":0.014422792226907344,"standard_error":0.0380936102265379}}