{"mean":{"confidence_interval":{"confidence_level":0.95,"lower_bound":44025.85355037861,"upper_bound":44480.427465645975},"point_estimate":44204.718694458104,"standard_error":120.1622253950529},"median":{"confidence_interval":{"confidence_level":0.95,"lower_bound":43945.0,"upper_bound":44040.057692307695},"point_estimate":43974.38997668998,"standard_error":25.98729313262265},"median_abs_dev":{"confidence_interval":{"confidence_level":0.95,"lower_bound":124.4849928595003,"upper_bound":226.27280371230157},"point_estimate":167.02539583300833,"standard_error":25.860940218595807},"slope":{"confidence_interval":{"confidence_level":0.95,"lower_bound":44005.23642444959,"upper_bound":44358.34736717188},"point_estimate":44137.89757738345,"standard_error":95.28080270992966},"std_dev":{"confidence_interval":{"confidence_level":0.95,"lower_bound":234.25035519604228,"upper_bound":1987.6493329051812},"point_estimate":1210.3546027519053,"standard_error":525.7534047813591}}