{"mean":{"confidence_interval":{"confidence_level":0.95,"lower_bound":0.08738355051398415,"upper_bound":0.09877545304420633},"point_estimate":0.09339039437240149,"standard_error":0.002912212523073124},"median":{"confidence_interval":{"confidence_level":0.95,"lower_bound":0.09177774690468232,"upper_bound":0.09383040644924492},"point_estimate":0.09305912767401958,"standard_error":0.0005266544189446573}}