{"mean":{"confidence_interval":{"confidence_level":0.95,"lower_bound":0.16825940761520666,"upper_bound":0.1769421554419685},"point_estimate":0.17269955631229816,"standard_error":0.002191074418336407},"median":{"confidence_interval":{"confidence_level":0.95,"lower_bound":0.17234341176622148,"upper_bound":0.17463943148260663},"point_estimate":0.17350707748099437,"standard_error":0.0005733985031104362}}