{"mean":{"confidence_interval":{"confidence_level":0.95,"lower_bound":-0.06900385535718519,"upper_bound":-0.060321844211084864},"point_estimate":-0.0646616025000355,"standard_error":0.0021737308803418797},"median":{"confidence_interval":{"confidence_level":0.95,"lower_bound":-0.06437817484485941,"upper_bound":-0.0626766960587316},"point_estimate":-0.06366132820340231,"standard_error":0.0004367485501103419}}