{"mean":{"confidence_interval":{"confidence_level":0.95,"lower_bound":-0.08228723267636734,"upper_bound":-0.07275642228165363},"point_estimate":-0.07747452860208548,"standard_error":0.0024958231559819824},"median":{"confidence_interval":{"confidence_level":0.95,"lower_bound":-0.07990055979282935,"upper_bound":-0.07795699305072534},"point_estimate":-0.0790037705363309,"standard_error":0.00048756505366885617}}