{"mean":{"confidence_interval":{"confidence_level":0.95,"lower_bound":-0.026457140303903684,"upper_bound":-0.01539803491559413},"point_estimate":-0.020876155145195807,"standard_error":0.002807547486954144},"median":{"confidence_interval":{"confidence_level":0.95,"lower_bound":-0.019975525788876958,"upper_bound":-0.01819182207951553},"point_estimate":-0.01898866735212479,"standard_error":0.00043881642462888714}}