{"mean":{"confidence_interval":{"confidence_level":0.95,"lower_bound":0.0027846908613264813,"upper_bound":0.011901644982488949},"point_estimate":0.006828128364550601,"standard_error":0.0022851437022406622},"median":{"confidence_interval":{"confidence_level":0.95,"lower_bound":0.00471591594825187,"upper_bound":0.006008736719598673},"point_estimate":0.005350134850403476,"standard_error":0.0003431146848897937}}