{"mean":{"confidence_interval":{"confidence_level":0.95,"lower_bound":-0.00846243260593314,"upper_bound":0.00012005898608996932},"point_estimate":-0.004048800401096009,"standard_error":0.0021909414994886237},"median":{"confidence_interval":{"confidence_level":0.95,"lower_bound":-0.005330093029915828,"upper_bound":-0.003898096535898822},"point_estimate":-0.0046299424417128865,"standard_error":0.00035054542423831544}}