{"mean":{"confidence_interval":{"confidence_level":0.95,"lower_bound":11304484.129999995,"upper_bound":11369538.697999991},"point_estimate":11333170.432,"standard_error":16880.16185965113},"median":{"confidence_interval":{"confidence_level":0.95,"lower_bound":11282231.6,"upper_bound":11295455.6},"point_estimate":11286383.100000001,"standard_error":3892.8076029158883},"median_abs_dev":{"confidence_interval":{"confidence_level":0.95,"lower_bound":15922.97545731123,"upper_bound":28386.452136037526},"point_estimate":19287.736097576166,"standard_error":3126.9024140416004},"slope":null,"std_dev":{"confidence_interval":{"confidence_level":0.95,"lower_bound":71741.11825406767,"upper_bound":250941.31367395702},"point_estimate":169595.14999944167,"standard_error":46888.68395381891}}