{"mean":{"confidence_interval":{"confidence_level":0.95,"lower_bound":11293631.495549997,"upper_bound":11358117.578099998},"point_estimate":11320185.996000001,"standard_error":17064.54740782287},"median":{"confidence_interval":{"confidence_level":0.95,"lower_bound":11288768.2,"upper_bound":11306223.6},"point_estimate":11300521.899999999,"standard_error":4295.288804011075},"median_abs_dev":{"confidence_interval":{"confidence_level":0.95,"lower_bound":26487.09330975844,"upper_bound":40279.12782490309},"point_estimate":34170.07463336046,"standard_error":3531.899698999132},"slope":null,"std_dev":{"confidence_interval":{"confidence_level":0.95,"lower_bound":28146.66841706894,"upper_bound":266891.49991431716},"point_estimate":171651.81511255138,"standard_error":65397.236470390504}}