{"mean":{"confidence_interval":{"confidence_level":0.95,"lower_bound":19998290.49,"upper_bound":20246900.523},"point_estimate":20096562.2,"standard_error":65895.52583061389},"median":{"confidence_interval":{"confidence_level":0.95,"lower_bound":19966043.5,"upper_bound":19986436.5},"point_estimate":19975465.0,"standard_error":5600.599793156597},"median_abs_dev":{"confidence_interval":{"confidence_level":0.95,"lower_bound":35919.69086229801,"upper_bound":70683.00934262572},"point_estimate":58389.234763383865,"standard_error":9520.70998192181},"slope":null,"std_dev":{"confidence_interval":{"confidence_level":0.95,"lower_bound":74761.68381678622,"upper_bound":1093032.0409944758},"point_estimate":663275.0372142126,"standard_error":292732.8268786689}}