{"mean":{"confidence_interval":{"confidence_level":0.95,"lower_bound":17956620.76,"upper_bound":18056943.345625},"point_estimate":18003434.875,"standard_error":25750.244687583734},"median":{"confidence_interval":{"confidence_level":0.95,"lower_bound":17905568.5,"upper_bound":17928255.5},"point_estimate":17917496.5,"standard_error":6955.953310104891},"median_abs_dev":{"confidence_interval":{"confidence_level":0.95,"lower_bound":35649.48701709509,"upper_bound":70360.48825085163},"point_estimate":56086.75700426102,"standard_error":9090.808920908396},"slope":null,"std_dev":{"confidence_interval":{"confidence_level":0.95,"lower_bound":164267.53051090287,"upper_bound":332996.1249904104},"point_estimate":258871.37938275872,"standard_error":42881.07097132676}}