{"mean":{"confidence_interval":{"confidence_level":0.95,"lower_bound":17926723.48375,"upper_bound":18025177.83825},"point_estimate":17967867.11,"standard_error":25586.54764916383},"median":{"confidence_interval":{"confidence_level":0.95,"lower_bound":17900654.0,"upper_bound":17925195.0},"point_estimate":17910877.0,"standard_error":6596.569618459405},"median_abs_dev":{"confidence_interval":{"confidence_level":0.95,"lower_bound":41680.33306002617,"upper_bound":67658.4497988224},"point_estimate":55091.191121935844,"standard_error":6626.647183275916},"slope":null,"std_dev":{"confidence_interval":{"confidence_level":0.95,"lower_bound":90565.65379739215,"upper_bound":404988.3705926211},"point_estimate":256844.62054284074,"standard_error":91939.02685457788}}