{"mean":{"confidence_interval":{"confidence_level":0.95,"lower_bound":23469099.753999997,"upper_bound":23671543.114499997},"point_estimate":23552955.55,"standard_error":52589.43288027955},"median":{"confidence_interval":{"confidence_level":0.95,"lower_bound":23488304.0,"upper_bound":23533190.0},"point_estimate":23519824.0,"standard_error":13325.420297321538},"median_abs_dev":{"confidence_interval":{"confidence_level":0.95,"lower_bound":89009.37201976776,"upper_bound":191993.7313914299},"point_estimate":144262.16653883457,"standard_error":26267.950325765767},"slope":null,"std_dev":{"confidence_interval":{"confidence_level":0.95,"lower_bound":145873.44846059583,"upper_bound":843590.6028324626},"point_estimate":527950.7743098509,"standard_error":198318.69800241207}}