{"mean":{"confidence_interval":{"confidence_level":0.95,"lower_bound":20148043.471,"upper_bound":20258479.527000003},"point_estimate":20193467.35,"standard_error":28843.6035597568},"median":{"confidence_interval":{"confidence_level":0.95,"lower_bound":20119973.0,"upper_bound":20163539.0},"point_estimate":20144147.0,"standard_error":12214.680718595748},"median_abs_dev":{"confidence_interval":{"confidence_level":0.95,"lower_bound":48682.26355321709,"upper_bound":84577.13939845562},"point_estimate":66843.76111328602,"standard_error":9732.89437127115},"slope":null,"std_dev":{"confidence_interval":{"confidence_level":0.95,"lower_bound":68216.78493380338,"upper_bound":461684.26999980776},"point_estimate":289321.6059203858,"standard_error":109299.55012866209}}