{"mean":{"confidence_interval":{"confidence_level":0.95,"lower_bound":16993908.133249998,"upper_bound":17092029.71},"point_estimate":17035941.98,"standard_error":25321.887683909026},"median":{"confidence_interval":{"confidence_level":0.95,"lower_bound":16965706.5,"upper_bound":16987286.0},"point_estimate":16975284.0,"standard_error":5914.582068509054},"median_abs_dev":{"confidence_interval":{"confidence_level":0.95,"lower_bound":40148.80728721619,"upper_bound":68770.39977908134},"point_estimate":56361.779299378395,"standard_error":7422.530478388435},"slope":null,"std_dev":{"confidence_interval":{"confidence_level":0.95,"lower_bound":109718.41108245087,"upper_bound":387434.00711538125},"point_estimate":253094.77042037237,"standard_error":79966.0841378112}}