{"mean":{"confidence_interval":{"confidence_level":0.95,"lower_bound":19905363.705,"upper_bound":20016227.599999998},"point_estimate":19951765.47,"standard_error":29054.78278058721},"median":{"confidence_interval":{"confidence_level":0.95,"lower_bound":19891436.5,"upper_bound":19921478.0},"point_estimate":19908257.0,"standard_error":7443.174823171332},"median_abs_dev":{"confidence_interval":{"confidence_level":0.95,"lower_bound":45694.39835876227,"upper_bound":72661.4834100008},"point_estimate":59569.38434243202,"standard_error":6696.885146678768},"slope":null,"std_dev":{"confidence_interval":{"confidence_level":0.95,"lower_bound":63592.28773275164,"upper_bound":447031.01029618137},"point_estimate":291731.48029923846,"standard_error":104805.77036402663}}