{"mean":{"confidence_interval":{"confidence_level":0.95,"lower_bound":17129.838774766264,"upper_bound":17285.353216670297},"point_estimate":17195.72286141872,"standard_error":40.08885927530482},"median":{"confidence_interval":{"confidence_level":0.95,"lower_bound":17118.503851797504,"upper_bound":17132.34859913793},"point_estimate":17125.482082488168,"standard_error":3.6560576277616543},"median_abs_dev":{"confidence_interval":{"confidence_level":0.95,"lower_bound":21.437452715439658,"upper_bound":38.68550070989192},"point_estimate":29.651792793562322,"standard_error":4.49605959213211},"slope":{"confidence_interval":{"confidence_level":0.95,"lower_bound":17127.62060828122,"upper_bound":17452.417112068586},"point_estimate":17254.39611787427,"standard_error":86.74547164136466},"std_dev":{"confidence_interval":{"confidence_level":0.95,"lower_bound":36.971346960619464,"upper_bound":625.4957057036537},"point_estimate":402.3527913573572,"standard_error":145.21693504211868}}