{"mean":{"confidence_interval":{"confidence_level":0.95,"lower_bound":3524738.3819999998,"upper_bound":3552144.5524000013},"point_estimate":3536634.1913333344,"standard_error":7052.850715837875},"median":{"confidence_interval":{"confidence_level":0.95,"lower_bound":3518082.2,"upper_bound":3521581.2},"point_estimate":3519837.1333333333,"standard_error":938.4261553973372},"median_abs_dev":{"confidence_interval":{"confidence_level":0.95,"lower_bound":5197.105947733133,"upper_bound":8344.784299850655},"point_estimate":6480.493904948051,"standard_error":805.5412789017855},"slope":null,"std_dev":{"confidence_interval":{"confidence_level":0.95,"lower_bound":26496.97189657931,"upper_bound":107010.36612996946},"point_estimate":70961.5043619575,"standard_error":21017.892897240275}}