{"mean":{"confidence_interval":{"confidence_level":0.95,"lower_bound":10215800.886000002,"upper_bound":10258504.724},"point_estimate":10231647.161999999,"standard_error":12105.273073574986},"median":{"confidence_interval":{"confidence_level":0.95,"lower_bound":10212477.8,"upper_bound":10221984.4},"point_estimate":10216689.2,"standard_error":2408.340603513234},"median_abs_dev":{"confidence_interval":{"confidence_level":0.95,"lower_bound":17076.586496829987,"upper_bound":28039.672002196312},"point_estimate":22915.50997316948,"standard_error":2713.5548739841634},"slope":null,"std_dev":{"confidence_interval":{"confidence_level":0.95,"lower_bound":23769.268039265004,"upper_bound":205458.3280474672},"point_estimate":121537.77241639383,"standard_error":63544.10606070691}}