{"mean":{"confidence_interval":{"confidence_level":0.95,"lower_bound":9945592.86,"upper_bound":9996453.821291666},"point_estimate":9966327.584999995,"standard_error":13423.237240601087},"median":{"confidence_interval":{"confidence_level":0.95,"lower_bound":9941693.666666666,"upper_bound":9950999.083333332},"point_estimate":9945846.0,"standard_error":2290.513371079346},"median_abs_dev":{"confidence_interval":{"confidence_level":0.95,"lower_bound":17311.702142655387,"upper_bound":29929.369218647018},"point_estimate":22951.018242537975,"standard_error":3236.4087741860526},"slope":null,"std_dev":{"confidence_interval":{"confidence_level":0.95,"lower_bound":20699.986619787098,"upper_bound":212253.55143993394},"point_estimate":134726.51835217245,"standard_error":52501.28462262673}}