{"mean":{"confidence_interval":{"confidence_level":0.95,"lower_bound":804278.1114999998,"upper_bound":903499.2892499997},"point_estimate":853124.6399999995,"standard_error":25317.01912939234},"median":{"confidence_interval":{"confidence_level":0.95,"lower_bound":669901.0,"upper_bound":842084.3333333334},"point_estimate":686973.6666666667,"standard_error":51442.29998249705},"median_abs_dev":{"confidence_interval":{"confidence_level":0.95,"lower_bound":57573.0634778738,"upper_bound":289572.5312590599},"point_estimate":108323.69607687011,"standard_error":63878.95737917696},"slope":null,"std_dev":{"confidence_interval":{"confidence_level":0.95,"lower_bound":223336.01070535573,"upper_bound":277309.0524154163},"point_estimate":254065.19614265335,"standard_error":13768.990499869342}}