{"mean":{"confidence_interval":{"confidence_level":0.95,"lower_bound":790242.6094166666,"upper_bound":896764.585},"point_estimate":842763.0100000001,"standard_error":27245.424170305487},"median":{"confidence_interval":{"confidence_level":0.95,"lower_bound":621575.0,"upper_bound":906995.1666666666},"point_estimate":710845.8333333334,"standard_error":83286.74681250947},"median_abs_dev":{"confidence_interval":{"confidence_level":0.95,"lower_bound":64783.688449859445,"upper_bound":419275.5660563708},"point_estimate":198923.15656840807,"standard_error":105748.95177293473},"slope":null,"std_dev":{"confidence_interval":{"confidence_level":0.95,"lower_bound":248220.70320470879,"upper_bound":293938.7324154492},"point_estimate":273971.1249273637,"standard_error":11721.738957083517}}