{"mean":{"confidence_interval":{"confidence_level":0.95,"lower_bound":-0.005749158991507269,"upper_bound":0.002455239748652558},"point_estimate":-0.0019756099459325993,"standard_error":0.002066366221097516},"median":{"confidence_interval":{"confidence_level":0.95,"lower_bound":-0.001335138991310214,"upper_bound":0.0006796024639685871},"point_estimate":-0.00036944335387478766,"standard_error":0.0005306745034797494}}