{"mean":{"confidence_interval":{"confidence_level":0.95,"lower_bound":0.052521421561110275,"upper_bound":0.061055308407204155},"point_estimate":0.05679127670990103,"standard_error":0.002175943615095277},"median":{"confidence_interval":{"confidence_level":0.95,"lower_bound":0.05436995928904631,"upper_bound":0.05652753650919677},"point_estimate":0.055504962391203616,"standard_error":0.0005541088206735456}}