{"mean":{"confidence_interval":{"confidence_level":0.95,"lower_bound":0.0050743482596507855,"upper_bound":0.019750484221689513},"point_estimate":0.011112856884489819,"standard_error":0.00367906162768849},"median":{"confidence_interval":{"confidence_level":0.95,"lower_bound":0.0070393794766252515,"upper_bound":0.008660518848001342},"point_estimate":0.007801717269285691,"standard_error":0.00041390377272376087}}