{"mean":{"confidence_interval":{"confidence_level":0.95,"lower_bound":-0.015868570977409006,"upper_bound":-0.007905511063855864},"point_estimate":-0.011969310461187432,"standard_error":0.0020240921455204515},"median":{"confidence_interval":{"confidence_level":0.95,"lower_bound":-0.012987214287634496,"upper_bound":-0.010331022011194735},"point_estimate":-0.011710101202101031,"standard_error":0.0006999480539425888}}