{"mean":{"confidence_interval":{"confidence_level":0.95,"lower_bound":0.17476810846142524,"upper_bound":0.18670801992985495},"point_estimate":0.18049480811183582,"standard_error":0.003052951981393815},"median":{"confidence_interval":{"confidence_level":0.95,"lower_bound":0.1795166456919659,"upper_bound":0.18260499674591868},"point_estimate":0.18141050720813978,"standard_error":0.0008896201870511258}}