{"mean":{"confidence_interval":{"confidence_level":0.95,"lower_bound":-0.016416486951080292,"upper_bound":-0.009491885715475849},"point_estimate":-0.013186531616096286,"standard_error":0.0017463257763004993},"median":{"confidence_interval":{"confidence_level":0.95,"lower_bound":-0.015875709318262765,"upper_bound":-0.013060814609244242},"point_estimate":-0.014327837189324288,"standard_error":0.0007405800902821606}}