{"mean":{"confidence_interval":{"confidence_level":0.95,"lower_bound":-0.056314880798980484,"upper_bound":-0.04828524876548718},"point_estimate":-0.05228627893704896,"standard_error":0.00204071713440111},"median":{"confidence_interval":{"confidence_level":0.95,"lower_bound":-0.05301580579506382,"upper_bound":-0.05118629143307862},"point_estimate":-0.05222205404136637,"standard_error":0.0004768204655079529}}