{"mean":{"confidence_interval":{"confidence_level":0.95,"lower_bound":-0.11820757416944476,"upper_bound":-0.030608434767313467},"point_estimate":-0.07230888550296721,"standard_error":0.022530466068789855},"median":{"confidence_interval":{"confidence_level":0.95,"lower_bound":-0.07427839338810471,"upper_bound":-0.005809135053990745},"point_estimate":-0.03143886930093909,"standard_error":0.01656872453793347}}