{"mean":{"confidence_interval":{"confidence_level":0.95,"lower_bound":-0.05615582799283412,"upper_bound":-0.015535378856605634},"point_estimate":-0.036274560227191444,"standard_error":0.010370184004138557},"median":{"confidence_interval":{"confidence_level":0.95,"lower_bound":-0.05174969960021081,"upper_bound":-0.00797616930479561},"point_estimate":-0.03293540513801818,"standard_error":0.011420642144835241}}