{"mean":{"confidence_interval":{"confidence_level":0.95,"lower_bound":16947136.3485,"upper_bound":17078619.7945},"point_estimate":17005087.78,"standard_error":33751.72324692728},"median":{"confidence_interval":{"confidence_level":0.95,"lower_bound":16895419.0,"upper_bound":16939003.0},"point_estimate":16912523.0,"standard_error":10485.992281051964},"median_abs_dev":{"confidence_interval":{"confidence_level":0.95,"lower_bound":55117.13662147522,"upper_bound":98410.5384528637},"point_estimate":72521.37771248817,"standard_error":10915.81460002044},"slope":null,"std_dev":{"confidence_interval":{"confidence_level":0.95,"lower_bound":156618.6423374945,"upper_bound":502133.5240047253},"point_estimate":338819.3035585645,"standard_error":91981.02714187437}}