{"mean":{"confidence_interval":{"confidence_level":0.95,"lower_bound":23742400.700999998,"upper_bound":24856804.425},"point_estimate":24211093.03,"standard_error":290388.27870807267},"median":{"confidence_interval":{"confidence_level":0.95,"lower_bound":23522196.75,"upper_bound":23624333.5},"point_estimate":23558068.75,"standard_error":29129.87141780631},"median_abs_dev":{"confidence_interval":{"confidence_level":0.95,"lower_bound":155912.43713200092,"upper_bound":318106.650352478},"point_estimate":213712.70905584097,"standard_error":43350.25253186958},"slope":null,"std_dev":{"confidence_interval":{"confidence_level":0.95,"lower_bound":875329.6406723061,"upper_bound":4616583.238386225},"point_estimate":2927141.3643724704,"standard_error":1043359.773122381}}