{"mean":{"confidence_interval":{"confidence_level":0.95,"lower_bound":26896386.51975,"upper_bound":27136126.637000002},"point_estimate":26998205.89,"standard_error":61796.21203755596},"median":{"confidence_interval":{"confidence_level":0.95,"lower_bound":26838273.5,"upper_bound":26909745.25},"point_estimate":26876912.75,"standard_error":18540.69524694351},"median_abs_dev":{"confidence_interval":{"confidence_level":0.95,"lower_bound":114418.54101866484,"upper_bound":208317.31462787816},"point_estimate":168485.99685877562,"standard_error":24168.085503541235},"slope":null,"std_dev":{"confidence_interval":{"confidence_level":0.95,"lower_bound":170985.8434356845,"upper_bound":963172.0911024399},"point_estimate":620859.8641457414,"standard_error":208788.631586784}}