{"mean":{"confidence_interval":{"confidence_level":0.95,"lower_bound":17562.653809677307,"upper_bound":17736.948282534046},"point_estimate":17626.64160124336,"standard_error":49.225243273479364},"median":{"confidence_interval":{"confidence_level":0.95,"lower_bound":17555.099597953216,"upper_bound":17575.24970760234},"point_estimate":17564.330828874638,"standard_error":5.261148067889793},"median_abs_dev":{"confidence_interval":{"confidence_level":0.95,"lower_bound":29.754005970616323,"upper_bound":50.257887657367505},"point_estimate":38.78350817467655,"standard_error":5.289280623462078},"slope":{"confidence_interval":{"confidence_level":0.95,"lower_bound":17569.97227788182,"upper_bound":17663.02834214733},"point_estimate":17605.596086218204,"standard_error":24.870601492574263},"std_dev":{"confidence_interval":{"confidence_level":0.95,"lower_bound":44.14306943571414,"upper_bound":838.7972733573969},"point_estimate":495.85652188233036,"standard_error":259.12993540983365}}