{"mean":{"confidence_interval":{"confidence_level":0.95,"lower_bound":37448.84130972039,"upper_bound":37706.76196455621},"point_estimate":37569.17907023971,"standard_error":65.87040011442069},"median":{"confidence_interval":{"confidence_level":0.95,"lower_bound":37134.39231824417,"upper_bound":37941.15886939571},"point_estimate":37871.29127265564,"standard_error":318.6914734795666},"median_abs_dev":{"confidence_interval":{"confidence_level":0.95,"lower_bound":168.5342456198388,"upper_bound":863.18071057101},"point_estimate":500.5489098421298,"standard_error":181.14565024334564},"slope":{"confidence_interval":{"confidence_level":0.95,"lower_bound":37340.44206558419,"upper_bound":37680.111539235644},"point_estimate":37496.66365816681,"standard_error":86.78737267404038},"std_dev":{"confidence_interval":{"confidence_level":0.95,"lower_bound":479.5218998946965,"upper_bound":906.4941120814349},"point_estimate":660.7664956470617,"standard_error":135.79474592554104}}