{"mean":{"confidence_interval":{"confidence_level":0.95,"lower_bound":8139697.398571429,"upper_bound":8372056.550000003},"point_estimate":8257075.272857141,"standard_error":58878.855724712725},"median":{"confidence_interval":{"confidence_level":0.95,"lower_bound":8146404.285714285,"upper_bound":8427826.42857143},"point_estimate":8309282.071428571,"standard_error":60867.81600541609},"median_abs_dev":{"confidence_interval":{"confidence_level":0.95,"lower_bound":425822.1953926458,"upper_bound":692383.9649252262},"point_estimate":546419.6332991116,"standard_error":67690.44184866971},"slope":null,"std_dev":{"confidence_interval":{"confidence_level":0.95,"lower_bound":510146.1202752475,"upper_bound":673904.8727715402},"point_estimate":596936.688628886,"standard_error":42079.19361870711}}