{"mean":{"confidence_interval":{"confidence_level":0.95,"lower_bound":20077083.860000003,"upper_bound":22112724.588166673},"point_estimate":20965723.963333342,"standard_error":522560.78592549154},"median":{"confidence_interval":{"confidence_level":0.95,"lower_bound":18689548.333333336,"upper_bound":20700909.0},"point_estimate":19853599.0,"standard_error":606092.5933695288},"median_abs_dev":{"confidence_interval":{"confidence_level":0.95,"lower_bound":1130909.468722349,"upper_bound":3068369.384625555},"point_estimate":2155317.1096354723,"standard_error":526841.7727368299},"slope":null,"std_dev":{"confidence_interval":{"confidence_level":0.95,"lower_bound":2338236.214564457,"upper_bound":7638671.221339269},"point_estimate":5278120.963269406,"standard_error":1389008.2235842424}}