{"mean":{"confidence_interval":{"confidence_level":0.95,"lower_bound":19707080.269416668,"upper_bound":21468306.891500004},"point_estimate":20560029.516666673,"standard_error":452496.01480654936},"median":{"confidence_interval":{"confidence_level":0.95,"lower_bound":18747357.0,"upper_bound":20402384.666666668},"point_estimate":19482417.166666664,"standard_error":457400.37024764036},"median_abs_dev":{"confidence_interval":{"confidence_level":0.95,"lower_bound":2717128.6016613236,"upper_bound":4750312.090665101},"point_estimate":3848505.0893753716,"standard_error":557347.2992732979},"slope":null,"std_dev":{"confidence_interval":{"confidence_level":0.95,"lower_bound":3715555.3052825104,"upper_bound":5263950.737662682},"point_estimate":4542242.893231686,"standard_error":395244.05559483357}}