{"mean":{"confidence_interval":{"confidence_level":0.95,"lower_bound":17510064.67666667,"upper_bound":18929670.53375},"point_estimate":18201160.490000006,"standard_error":363692.3532447967},"median":{"confidence_interval":{"confidence_level":0.95,"lower_bound":16968368.166666664,"upper_bound":18780943.833333336},"point_estimate":17694447.5,"standard_error":517972.5452802678},"median_abs_dev":{"confidence_interval":{"confidence_level":0.95,"lower_bound":2507443.993183973,"upper_bound":3956447.510159015},"point_estimate":3181771.974012255,"standard_error":369996.6326209407},"slope":null,"std_dev":{"confidence_interval":{"confidence_level":0.95,"lower_bound":2911380.335725866,"upper_bound":4316273.51138396},"point_estimate":3637724.0684062876,"standard_error":358932.94115246483}}