{"mean":{"confidence_interval":{"confidence_level":0.95,"lower_bound":10672.562627578634,"upper_bound":11713.563347353265},"point_estimate":11153.774976401339,"standard_error":265.9228553440106},"median":{"confidence_interval":{"confidence_level":0.95,"lower_bound":10292.127467105263,"upper_bound":10943.439144736842},"point_estimate":10540.92875356523,"standard_error":162.33042306908285},"median_abs_dev":{"confidence_interval":{"confidence_level":0.95,"lower_bound":1094.7061459537256,"upper_bound":2064.6339957778514},"point_estimate":1648.3210605802014,"standard_error":249.53462095177537},"slope":{"confidence_interval":{"confidence_level":0.95,"lower_bound":10557.59035695411,"upper_bound":11456.093209750326},"point_estimate":10999.521739046106,"standard_error":229.6817666174116},"std_dev":{"confidence_interval":{"confidence_level":0.95,"lower_bound":1661.306010940241,"upper_bound":3702.0818789043283},"point_estimate":2678.553253381861,"standard_error":538.0667706468099}}