{"mean":{"confidence_interval":{"confidence_level":0.95,"lower_bound":10612293.255,"upper_bound":10716641.105},"point_estimate":10658692.0775,"standard_error":27004.067261716686},"median":{"confidence_interval":{"confidence_level":0.95,"lower_bound":10584152.0,"upper_bound":10593569.75},"point_estimate":10589558.0,"standard_error":2629.7906903551934},"median_abs_dev":{"confidence_interval":{"confidence_level":0.95,"lower_bound":16489.662232249975,"upper_bound":29475.384751707315},"point_estimate":22946.19979262352,"standard_error":3315.631155747272},"slope":null,"std_dev":{"confidence_interval":{"confidence_level":0.95,"lower_bound":130722.19583533505,"upper_bound":378987.8909109598},"point_estimate":268657.59248198115,"standard_error":63929.34464000551}}