{"mean":{"confidence_interval":{"confidence_level":0.95,"lower_bound":11363142.739999995,"upper_bound":11441315.632000003},"point_estimate":11397788.525999999,"standard_error":20250.256089037946},"median":{"confidence_interval":{"confidence_level":0.95,"lower_bound":11339205.6,"upper_bound":11345707.5},"point_estimate":11342779.2,"standard_error":1567.44138929154},"median_abs_dev":{"confidence_interval":{"confidence_level":0.95,"lower_bound":9200.570656658876,"upper_bound":18786.617306471424},"point_estimate":12472.965318561153,"standard_error":2495.4231669290502},"slope":null,"std_dev":{"confidence_interval":{"confidence_level":0.95,"lower_bound":91632.28792629205,"upper_bound":289372.1786951891},"point_estimate":204394.480682061,"standard_error":49927.75798339435}}