{"mean":{"confidence_interval":{"confidence_level":0.95,"lower_bound":11533045.456300002,"upper_bound":11672391.058549996},"point_estimate":11587733.353999995,"standard_error":35931.95642378004},"median":{"confidence_interval":{"confidence_level":0.95,"lower_bound":11527261.9,"upper_bound":11534889.4},"point_estimate":11530862.100000001,"standard_error":1992.0154134822997},"median_abs_dev":{"confidence_interval":{"confidence_level":0.95,"lower_bound":12268.514782190323,"upper_bound":21167.969384192867},"point_estimate":17316.915952565494,"standard_error":2138.1993100102413},"slope":null,"std_dev":{"confidence_interval":{"confidence_level":0.95,"lower_bound":17082.05836653722,"upper_bound":596469.8511430644},"point_estimate":361701.8012112666,"standard_error":159180.59859680376}}