{"mean":{"confidence_interval":{"confidence_level":0.95,"lower_bound":11737474.522,"upper_bound":11800483.112000003},"point_estimate":11764425.221999997,"standard_error":16391.193829850312},"median":{"confidence_interval":{"confidence_level":0.95,"lower_bound":11727803.3,"upper_bound":11736148.0},"point_estimate":11730375.2,"standard_error":2274.9422409949166},"median_abs_dev":{"confidence_interval":{"confidence_level":0.95,"lower_bound":14483.519142866135,"upper_bound":28352.055816652046},"point_estimate":21898.5946512214,"standard_error":3521.2800809850996},"slope":null,"std_dev":{"confidence_interval":{"confidence_level":0.95,"lower_bound":46485.44632472756,"upper_bound":256194.05935987688},"point_estimate":164945.6447728794,"standard_error":55500.301157280075}}