{"mean":{"confidence_interval":{"confidence_level":0.95,"lower_bound":51333680.5275,"upper_bound":51628465.42},"point_estimate":51466572.15,"standard_error":75892.89197203105},"median":{"confidence_interval":{"confidence_level":0.95,"lower_bound":51223924.5,"upper_bound":51310684.0},"point_estimate":51255512.5,"standard_error":23184.348551012936},"median_abs_dev":{"confidence_interval":{"confidence_level":0.95,"lower_bound":103065.90237021446,"upper_bound":195184.32359978557},"point_estimate":142735.08856594563,"standard_error":24488.61022505361},"slope":null,"std_dev":{"confidence_interval":{"confidence_level":0.95,"lower_bound":385651.4979156496,"upper_bound":1060742.1043224349},"point_estimate":765608.0927443783,"standard_error":170767.48297078715}}