{"mean":{"confidence_interval":{"confidence_level":0.95,"lower_bound":-0.019905960534697606,"upper_bound":-0.002507796960095727},"point_estimate":-0.010222418584993287,"standard_error":0.004450755815756525},"median":{"confidence_interval":{"confidence_level":0.95,"lower_bound":-0.014032375587344825,"upper_bound":-0.008267970279881638},"point_estimate":-0.011191552111426417,"standard_error":0.0014798194124022337}}