{"mean":{"confidence_interval":{"confidence_level":0.95,"lower_bound":0.03702397440514953,"upper_bound":0.05540918803613557},"point_estimate":0.04436966196686121,"standard_error":0.0051391332987354614},"median":{"confidence_interval":{"confidence_level":0.95,"lower_bound":0.037441713288739686,"upper_bound":0.04162122693493986},"point_estimate":0.03931113503767181,"standard_error":0.0010863773650720608}}