{"mean":{"confidence_interval":{"confidence_level":0.95,"lower_bound":-0.0022782074220092283,"upper_bound":0.010240552110330862},"point_estimate":0.0038333222023780866,"standard_error":0.0031969776037027654},"median":{"confidence_interval":{"confidence_level":0.95,"lower_bound":-0.0029387509398740574,"upper_bound":0.005097349543292884},"point_estimate":0.0015205189898159777,"standard_error":0.00204162304169933}}