{"mean":{"confidence_interval":{"confidence_level":0.95,"lower_bound":-0.02423313743469041,"upper_bound":-0.003898730792781165},"point_estimate":-0.012487607824451907,"standard_error":0.005326464873087383},"median":{"confidence_interval":{"confidence_level":0.95,"lower_bound":-0.004477204227575388,"upper_bound":0.002163894262383794},"point_estimate":-0.0009932487722553729,"standard_error":0.0017175390955356752}}