{"mean":{"confidence_interval":{"confidence_level":0.95,"lower_bound":1.0216656340087926,"upper_bound":1.247435275650075},"point_estimate":1.1316836615777017,"standard_error":0.05764598155188678},"median":{"confidence_interval":{"confidence_level":0.95,"lower_bound":1.0208101373404745,"upper_bound":1.2525203071314785},"point_estimate":1.1228288018778465,"standard_error":0.060054637990585046}}