{"mean":{"confidence_interval":{"confidence_level":0.95,"lower_bound":-0.1255303435812662,"upper_bound":-0.008971370178087893},"point_estimate":-0.06982813337565252,"standard_error":0.029851999905423178},"median":{"confidence_interval":{"confidence_level":0.95,"lower_bound":-0.16967275936727655,"upper_bound":-0.031242583509658806},"point_estimate":-0.11186780107728633,"standard_error":0.03413534904788544}}