{"mean":{"confidence_interval":{"confidence_level":0.95,"lower_bound":-0.14180437020160025,"upper_bound":-0.08616951098573533},"point_estimate":-0.11423489833706069,"standard_error":0.014424952556614962},"median":{"confidence_interval":{"confidence_level":0.95,"lower_bound":-0.16195360675927095,"upper_bound":-0.09725887552074386},"point_estimate":-0.13249753199611336,"standard_error":0.016352616120563553}}