{"mean":{"confidence_interval":{"confidence_level":0.95,"lower_bound":-0.009296712267323648,"upper_bound":0.06897344774129292},"point_estimate":0.02902677437588408,"standard_error":0.01998211394664172},"median":{"confidence_interval":{"confidence_level":0.95,"lower_bound":0.002382110006821092,"upper_bound":0.12514613314205159},"point_estimate":0.07848462906633502,"standard_error":0.028510435131529642}}