{"mean":{"confidence_interval":{"confidence_level":0.95,"lower_bound":-0.05166883872354944,"upper_bound":0.0572180386226905},"point_estimate":0.0024910378116251852,"standard_error":0.02776251501455373},"median":{"confidence_interval":{"confidence_level":0.95,"lower_bound":-0.09673944422762215,"upper_bound":0.03528353495053387},"point_estimate":-0.030128592333118376,"standard_error":0.0339394613494619}}