{"mean":{"confidence_interval":{"confidence_level":0.95,"lower_bound":0.11012764034409156,"upper_bound":0.23128948546487127},"point_estimate":0.16704810107691026,"standard_error":0.030956109805639953},"median":{"confidence_interval":{"confidence_level":0.95,"lower_bound":0.1493614721134897,"upper_bound":0.22712195321107553},"point_estimate":0.18889675144599272,"standard_error":0.019373211905360375}}