{"mean":{"confidence_interval":{"confidence_level":0.95,"lower_bound":-0.08328178872218904,"upper_bound":0.008967844810608869},"point_estimate":-0.038616133801278485,"standard_error":0.023523702170703757},"median":{"confidence_interval":{"confidence_level":0.95,"lower_bound":-0.1356900684784177,"upper_bound":-0.026938683880419312},"point_estimate":-0.10761432944542393,"standard_error":0.02535416629126149}}