{"mean":{"confidence_interval":{"confidence_level":0.95,"lower_bound":-0.03264983566388848,"upper_bound":0.08350200565920284},"point_estimate":0.02699250416901333,"standard_error":0.02975368834340064},"median":{"confidence_interval":{"confidence_level":0.95,"lower_bound":0.019841198993392872,"upper_bound":0.14682459206861598},"point_estimate":0.0894372416248983,"standard_error":0.030319292693541344}}